book_title,book_sell_cat,book_url
(C++),Best Selling,https://gufhtugu.com/c-plus-plus/
10 Rupees wali 25 Kahaniyon ka Set,Books Under 750PKR,https://gufhtugu.com/10-rupees-wali-25-kahaniyon-ka-set/
100 Azeem Sciencey Daryaftain,Books Under 750PKR,https://gufhtugu.com/so-azeem-sciencey-daryaftain/
12 Maheeno’n k Fazail o Ahkam,Books Under 750PKR,https://gufhtugu.com/12-maheenon-k-fazail-o-ahkam/
12 saddi k Ulema e Baresagheer,Books Under 750PKR,https://gufhtugu.com/12-saddi-k-ulema-e-baresagheer/
1984 – English,Books Under 750PKR,https://gufhtugu.com/1984-english/
A Study in Scarlet,Books Under 750PKR,https://gufhtugu.com/a-study-in-scarlet/
Aa’nhazrat SAW k Sawalat or Sahaba k Jawabat,Books Under 750PKR,https://gufhtugu.com/aanhazrat-saw-k-sawakat-or-sahaba-k-jawabat/
Aadab Ul Mu’asharat,Books Under 750PKR,https://gufhtugu.com/aadab-ul-muasharat/
Aah o Zari,Books Under 750PKR,https://gufhtugu.com/aah-o-zari/
Aaina Amliyaat – آئینہ عملیات,Books Under 750PKR,https://gufhtugu.com/aaina-amliyaat/
Aalam Islam Ki Sorat e Hal,Books Under 750PKR,https://gufhtugu.com/aalam-islam-ki-sorat-e-hal/
Aao Bacho Dua Parhain,Books Under 750PKR,https://gufhtugu.com/aao-bacho-dua-parhain/
Aashnaiyan kia kia,Books Under 750PKR,https://gufhtugu.com/aashnaiyan-kia-kia/
Aathvan Aadmi,Books Under 750PKR,https://gufhtugu.com/aathvan-aadmi/
AD DU’A Divine Help,Books Under 750PKR,https://gufhtugu.com/ad-dua-divine-help/
Adaab Al Masajid,Books Under 750PKR,https://gufhtugu.com/adaab-al-masajid/
ADAB AZAN O IQAMAT,Books Under 750PKR,https://gufhtugu.com/adab-azan-o-iqamat/
Adab ul Muashrat,Books Under 750PKR,https://gufhtugu.com/adab-ul-muashrat/
ADMI GHANEEMAT HAI,Books Under 750PKR,https://gufhtugu.com/admi-ghaneemat-hai/
AHADITH QUDSIYA,Books Under 750PKR,https://gufhtugu.com/ahadith-qudsiya/
Ahang baz gasht,Books Under 750PKR,https://gufhtugu.com/ahang-baz-gasht/
Ahkam e Islam Aqal ki Nazar main – احکام اسلام عقل کی نظر میں,Books Under 750PKR,https://gufhtugu.com/ahkam-e-islam-aqal-ki-nazar-main/
AI for Babies & Toddlers,Books Under 750PKR,https://gufhtugu.com/toddlers/
Aik Aurat Hazar Diwane(ایک عورت ہزار دیوانے),Books Under 750PKR,https://gufhtugu.com/aik-aurat-hazar-diwane/
Aik Gadhay Ki Sarguzasht – ایک گدھے کی سرگزشت,Books Under 750PKR,https://gufhtugu.com/aik-gadhay-ki-sarguzasht/
Aik khanjar Pani me – ایک خنجر پانی میں,Books Under 750PKR,https://gufhtugu.com/aik-khanjar-pani-me/
Aik Pagal ki Diary,Books Under 750PKR,https://gufhtugu.com/aik-pagal-ki-diary/
Aik Police Officer ki Diary,Autobiography U,https://gufhtugu.com/aik-police-officer-ki-diary/
AIK QATRA KHOON,Books Under 750PKR,https://gufhtugu.com/aik-qatra-khoon/
Aik Qatra Khoon- ایک قطرہ خون,Books Under 750PKR,https://gufhtugu.com/aik-qatra-khoon/
Aik tha But Shikan,Books Under 750PKR,https://gufhtugu.com/ik-tha-but-shikan/
Aik thi Gypsi – ایک تھی جپسی,Books Under 750PKR,https://gufhtugu.com/aik-thi-gypsi/
Aik Udas Kitab,Afsanay U,https://gufhtugu.com/aik-udas-kitab/
Aik Yaadgar Mushaira,Amjad Saqib,https://gufhtugu.com/product/aik-yaadgar-mushaira/
Ajnabi,Books Under 750PKR,https://gufhtugu.com/ajnabi/
Akhbar ul Akhyar,Books Under 750PKR,https://gufhtugu.com/akhbar-ul-akhyar/
Akhlaq E Muhammad(SAW) Quran Hakeem k Ainey main,Books Under 750PKR,https://gufhtugu.com/akhlaq-e-muhammadsaw-quran-hakeem-k-ainey-main/
Al Khummar,Books Under 750PKR,https://gufhtugu.com/al-khummar/
Al-Hizb Al-Azam,Books Under 750PKR,https://gufhtugu.com/al-hizb-al-azam/
Aladin ka charagh: bachchon ki alif laila,Books Under 750PKR,https://gufhtugu.com/aladin-ka-charagh-bachchon-ki-alif-laila/
ALAIKUM BI SUNNATI,Books Under 750PKR,https://gufhtugu.com/alaikum-bi-sunnati/
Alaikum Bi Sunnati,Books Under 750PKR,https://gufhtugu.com/alaikum-bi-sunnati-2/
Alam E Barzakh,Books Under 750PKR,https://gufhtugu.com/alam-e-barzakh/
Alamaat e Qayamat aor Daur e Hazir,Books Under 750PKR,https://gufhtugu.com/alamaat-e-qayamat-aor-daur-e-hazir/
Alamat e Qayamat Aur Dor e Hazir,Books Under 750PKR,https://gufhtugu.com/alamat-e-qayamat-aur-dor-e-hazir/
Alberoni,Biography U,https://gufhtugu.com/alberoni/
Ali Baba Chaalees Chor: Bachchon Ki Alif Laila (Illustrated),Books Under 750PKR,https://gufhtugu.com/ali-baba-chaalees-chor-bachchon-ki-alif-laila-illustrated/
Alice’s Adventures in Wonderland,Books Under 750PKR,https://gufhtugu.com/alices-adventures-in-wonderland/
Alif laila ki behtreen kahanian,Books Under 750PKR,https://gufhtugu.com/alif-laila-ki-behtreen-kahanian/
ALLAH ke Wali – اللہ کے ولی,Books Under 750PKR,https://gufhtugu.com/product/allah-ke-wali/
Allah Ko Pehchaniye,Books Under 750PKR,https://gufhtugu.com/allah-ko-pehchaniye/
Allah’s Remembrance,Books Under 750PKR,https://gufhtugu.com/allahs-remembrance/
Allama Iqbal Quiz,Books Under 750PKR,https://gufhtugu.com/product/allama-iqbal-quiz/
Amal Mukhtasir aur sawab Ziada-عمل مختصر اور ثواب زیادہ,Books Under 750PKR,https://gufhtugu.com/amal-mukhtasir-aur-sawab-ziada/
Amar Bil Maroof Wanihi Anil Munkir – امر بالمعروف اور نہی عن المنکر,Books Under 750PKR,https://gufhtugu.com/amar-bil-maroof-wanihi-anil-munkir/
Amliyat e Imam Ghazali – عملیات امام غزالی,Books Under 750PKR,https://gufhtugu.com/amliyat-e-imam-ghazali/
Ammi Jaan – امی جان,Biography U,https://gufhtugu.com/ammi-jaan/
Amusement and Play,Books Under 750PKR,https://gufhtugu.com/amusement-and-play/
Animal Farm – English,Books Under 750PKR,https://gufhtugu.com/animal-farm-english/
Ankhon main to dam hay,Books Under 750PKR,https://gufhtugu.com/ankhon-main-to-dam-hay/
Anne of Green Gables,Books Under 750PKR,https://gufhtugu.com/anne-of-green-gables-2/
Apna Ghar Bachaye,Books Under 750PKR,https://gufhtugu.com/apna-ghar-bachaye/
Apni Sogawar Beswaon ki Yadain,Books Under 750PKR,https://gufhtugu.com/apni-sogawar-beswaon-ki-yadain/
Arasto say aliet tak,Biography U,https://gufhtugu.com/arasto-say-aliet-tak/
Ariel,Books Under 750PKR,https://gufhtugu.com/ariel/
Artificial Intelligence,Best Selling,https://gufhtugu.com/artificial-intelligence/
Artificial Intelligence(AI) for the 5th Grader,Books Under 750PKR,https://gufhtugu.com/artificial-intelligenceai-for-the-5th-grader/
Arwah E Salasa,Books Under 750PKR,https://gufhtugu.com/arwah-e-salasa/
Asaar Nabi (SAW) Khatray me,Books Under 750PKR,https://gufhtugu.com/asaar-nabi-saw-khatray-me/
Asadam,Books Under 750PKR,https://gufhtugu.com/asadam/
Asatza Karam kay Adaab o Haqooq -اساتزہ کرام کے آداب و حقوق,Books Under 750PKR,https://gufhtugu.com/asatza-karam-kay-adaab-o-haqooq/
Asbab Ikhtiyaar Karo Aur Allah Par Bharosa Rakho,Books Under 750PKR,https://gufhtugu.com/asbab-ikhtiyaar-karo-aur-allah-par-bharosa-rakho/
Asbaq e Tareekh,Books Under 750PKR,https://gufhtugu.com/asbaq-e-tareekh/
Ashra Mubashra,Books Under 750PKR,https://gufhtugu.com/ashra-mubashra/
Asmaa e Husna Ki Barkaat  –  اسماۓ حسنى کی برکات,Books Under 750PKR,https://gufhtugu.com/asmaa-e-husna-ki-barkaat/
Asmaa ul Husna,Books Under 750PKR,https://gufhtugu.com/asmaa-ul-husna/
Asnaf e Urdu – اصناف اردو,Books Under 750PKR,https://gufhtugu.com/asnaf-e-urdu-%D8%A7%D8%B5%D9%86%D8%A7%D9%81-%D8%A7%D8%B1%D8%AF%D9%88/
Asool -e-tehqeeq,Books Under 750PKR,https://gufhtugu.com/asool-e-tehqeeq/
ASSAN TIME MANAGEMENT,Books Under 750PKR,https://gufhtugu.com/assan-time-management/
Atomi Aadatain – ایٹمی عادتیں,Books Under 750PKR,https://gufhtugu.com/atomi-aadatain/
Aulia Allah ki ahanat ka wabal,Books Under 750PKR,https://gufhtugu.com/aulia-allah-ki-ahanat-ka-wabal/
Aurakzai adabi taroon,Books Under 750PKR,https://gufhtugu.com/aurakzai-adabi-taroon/
Auraq e Tareekh,Books Under 750PKR,https://gufhtugu.com/auraq-e-tareekh/
Aurat k Banday,Books Under 750PKR,https://gufhtugu.com/aurat-k-banday/
Aurat or Islam,Books Under 750PKR,https://gufhtugu.com/aurat-or-islam/
Aye Tahayyar Ishq,Books Under 750PKR,https://gufhtugu.com/aye-tahayyar-ishq/
Azad Bachay Azad Waldain,Books Under 750PKR,https://gufhtugu.com/azad-bachay-azad-waldain/
Azadi or Tehzeeb,Books Under 750PKR,https://gufhtugu.com/azadi-or-tehzeeb/
Azadi se Firar,Biography U,https://gufhtugu.com/azadi-se-firar/
Azdawaji Zindagi K Sharai Ahkam,Books Under 750PKR,https://gufhtugu.com/azdawaji-zindagi-k-sharai-ahkam/
Baar k us paar,Books Under 750PKR,https://gufhtugu.com/baar-k-us-paar/
BAAT SAY BAAT,Books Under 750PKR,https://gufhtugu.com/baat-say-baat/
Bache Aur Islam,Books Under 750PKR,https://gufhtugu.com/bache-aur-islam/
Bachon Kay Hali,Books Under 750PKR,https://gufhtugu.com/product/bachon-kay-hali/
Bachon ki 25 Kahaniyon ka Set-Deal 1,Books Under 750PKR,https://gufhtugu.com/12-rupees-wali-25-kahaniyon-ka-set/
Bachon ki 25 Kahaniyon ka Set-Deal 2,Books Under 750PKR,https://gufhtugu.com/15-rupees-wali-25-kahaniyon-ka-set/
Bachon ki Mazahiyan Kehaniyan,Books Under 750PKR,https://gufhtugu.com/bachon-ki-mazahiyan-kehaniyan/
Bad shagonian bad falian or Tawahimaat,Books Under 750PKR,https://gufhtugu.com/bad-shagonian-bad-falian-or-tawahimaat/
Badlo Soch Badlo Zindagi,Books Under 750PKR,https://gufhtugu.com/product/badlo-soch-badlo-zindagi/
Bahishti Gohar,Books Under 750PKR,https://gufhtugu.com/bahishti-gohar/
Bait Bazi Kalam Iqbal,Books Under 750PKR,https://gufhtugu.com/product/bait-bazi-kalam-iqbal/
Bambi Grows Up,Books Under 750PKR,https://gufhtugu.com/bambi-grows-up/
Bandagi Rab k Taqazay – بندگئ رب کے تقاضے,Books Under 750PKR,https://gufhtugu.com/bandagi-rab-k-taqazay/
Barat Usman bin affan(ra),Books Under 750PKR,https://gufhtugu.com/barat-usman-bin-affanra/
Basant kia hy,Books Under 750PKR,https://gufhtugu.com/basant-kia-hy/
Bayad ul Auliya,Books Under 750PKR,https://gufhtugu.com/bayad-ul-auliya/
Becharay Fikri Mamon,Books Under 750PKR,https://gufhtugu.com/becharay-fikri-mamon/
Bedar dil log,Books Under 750PKR,https://gufhtugu.com/bedar-dil-log/
Bezvi Aurat,Books Under 750PKR,https://gufhtugu.com/bezvi-aurat/
BHARPUR KHUDAITMADI,Books Under 750PKR,https://gufhtugu.com/bharpur-khudaitmadi/
Bholi hui kahanian,Books Under 750PKR,https://gufhtugu.com/bholi-hui-kahanian/
BHUPAT DAKU KI SARGUZASHT,Books Under 750PKR,https://gufhtugu.com/bhupat-daku-ki-sarguzasht/
Bilal ba kamal,Books Under 750PKR,https://gufhtugu.com/bilal-ba-kamal/
Birth Stone,Books Under 750PKR,https://gufhtugu.com/birth-stone/
Black Head,Books Under 750PKR,https://gufhtugu.com/black-head/
Black Hills,Books Under 750PKR,https://gufhtugu.com/black-hills/
Black Hounds,Books Under 750PKR,https://gufhtugu.com/black-hounds/
Black Sun,Books Under 750PKR,https://gufhtugu.com/black-sun/
Black World,Books Under 750PKR,https://gufhtugu.com/black-world/
Blank Mission,Books Under 750PKR,https://gufhtugu.com/blank-mission/
Blasters,Books Under 750PKR,https://gufhtugu.com/blasters/
Blind Mission,Books Under 750PKR,https://gufhtugu.com/blind-mission/
"Blockchain, Cryptocurrency And Bitcoin",Books Under 750PKR,https://gufhtugu.com/zeeshanusmanibook/
Blood Hounds,Books Under 750PKR,https://gufhtugu.com/blood-hounds/
Bloody Game,Books Under 750PKR,https://gufhtugu.com/bloody-game/
Blue Bird Group,Books Under 750PKR,https://gufhtugu.com/blue-bird-group/
Blue Code Book Part 1and 2,Books Under 750PKR,https://gufhtugu.com/blue-code-book-part-1-and-2/
Boorha aur samundar (translation),Books Under 750PKR,https://gufhtugu.com/boorha-aur-samundar-translation/
Bosnia Pe Kya Guzri?- بوسنیا پر کیا گذری؟,Best Selling,https://gufhtugu.com/bosnia/
Boys will be Boys,Autobiography,https://gufhtugu.com/boys-will-be-boys/
Breakthrough by Dr Jamila Saleem,Books Under 750PKR,https://gufhtugu.com/product/breakthrough-by-dr-jamila-saleem/
Bright Stone,Books Under 750PKR,https://gufhtugu.com/bright-stone/
Burhapa: 1 Qudarti Amal,Books Under 750PKR,https://gufhtugu.com/burhapa-1-qudarti-amal/
Calendar Color,Books Under 750PKR,https://gufhtugu.com/calendar-color/
Camp Fight,Books Under 750PKR,https://gufhtugu.com/camp-fight/
Cancer – aik muhlik marz,Books Under 750PKR,https://gufhtugu.com/cancer-aik-muhlik-marz/
Capital Agency,Books Under 750PKR,https://gufhtugu.com/capital-agency/
Carman mission,Books Under 750PKR,https://gufhtugu.com/carman-mission/
Cat Rat Game,Books Under 750PKR,https://gufhtugu.com/cat-rat-game/
Chalta Purza (Translation),Books Under 750PKR,https://gufhtugu.com/chalta-purza-translation/
Chand Sipyan Samandaro se,Books Under 750PKR,https://gufhtugu.com/chand-sipyan-samandaro-se/
Charlie Chaplin – چارلی چپلن,Biography U,https://gufhtugu.com/charlie-chaplin/
Cheen main Science Fiction,Books Under 750PKR,https://gufhtugu.com/cheen-main-science-fiction/
Chiragh Hasan Hasrat – Ham tum ko bholy nahi,Autobiography U,https://gufhtugu.com/chiragh-hasan-hasrat-ham-tum-ko-bholy-nahi/
CHIRAGH HASSAN HASRAT – 3 Edition,Books Under 750PKR,https://gufhtugu.com/chiragh-hassan-hasrat-3-edition/
Chor aur Kuttay – چور اور کتے,Books Under 750PKR,https://gufhtugu.com/chor-aur-kuttay/
Christmas,Books Under 750PKR,https://gufhtugu.com/christmas/
Chupay Hath,Afsanay U,https://gufhtugu.com/chupay-haith/
Cobran part 1 and 2,Books Under 750PKR,https://gufhtugu.com/cobran-part-1-and-2/
Code Box,Books Under 750PKR,https://gufhtugu.com/code-box/
Creed of Islam,Books Under 750PKR,https://gufhtugu.com/creed-of-islam/
Crossing Arrow,Books Under 750PKR,https://gufhtugu.com/crossing-arrow/
Cure OF Our Worries From Durood Sharif,Books Under 750PKR,https://gufhtugu.com/cure-of-our-worries-from-durood-sharif/
Cure Of Our Worries From Holy Quran,Books Under 750PKR,https://gufhtugu.com/cure-of-our-worries-from-holy-quran/
Dada aor Dildadah – دادا اور دلدادہ,Books Under 750PKR,https://gufhtugu.com/dada-aor-dildadah/
Dair Say Anay Wali Larki  – دیر سے آنے والی لڑکی,Books Under 750PKR,https://gufhtugu.com/dair-say-anay-wali-larki/
Dara Shikoh – داراشکوہ,Books Under 750PKR,https://gufhtugu.com/dara-shikoh/
DAREECHAY,Afsanay U,https://gufhtugu.com/dareechay/
DAREECHON MAY RAKHAY CHIRAGH – SHAKHSI KHAAKAY,Books Under 750PKR,https://gufhtugu.com/dareechon-may-rakhay-chiragh-shakhsi-khaakay/
Darhi ki Shari Hasiyat,Books Under 750PKR,https://gufhtugu.com/darhi-ki-shari-hasiyat/
Dark Eye,Books Under 750PKR,https://gufhtugu.com/dark-eye/
Dark Heart,Books Under 750PKR,https://gufhtugu.com/dark-heart/
Dark Mission,Books Under 750PKR,https://gufhtugu.com/dark-mission/
Darood Sharif Say Mushkilat ka Hall,Books Under 750PKR,https://gufhtugu.com/darood-sharif-say-mushkilat-ka-hall/
Dasht e Wafa,Best Selling,https://gufhtugu.com/product/dasht-e-wafa/
Dasht-e-Zulmat Main Aik Diya,Books Under 750PKR,https://gufhtugu.com/product/dasht-e-zulmat-main-aik-diya/
Data Science-ڈیٹا سائنس,Best Selling,https://gufhtugu.com/data-science/
Dawat e Sang,Best Selling,https://gufhtugu.com/product/dawat-e-sang/
Dawat o Tableegh ki Sharai Haisiyat – دعوت و تبلیغ کی شرعی حیثیت,Books Under 750PKR,https://gufhtugu.com/dawat-o-tableegh-ki-sharai-haisiyat/
Deceptions – Fiction Stories of a Real Society,Books Under 750PKR,https://gufhtugu.com/deceptions-fiction-stories-of-a-real-society/
Deemak ki kahani,Books Under 750PKR,https://gufhtugu.com/deemak-ki-kahani/
Deen e Haq,Books Under 750PKR,https://gufhtugu.com/deen-e-haq/
Deeni Ahkamat main Tarteeb ki Riayat or Hadood ki Hifazat,Books Under 750PKR,https://gufhtugu.com/deeni-ahkamat-main-tarteeb-ki-riayat-or-hadood-ki-hifazat/
Deeni Siyasi Tehreekat or Hazrat Thanvi ka Muaqaf – دینی سیاسی تحریکات اور حضرت تھانوی کا موقف,Books Under 750PKR,https://gufhtugu.com/deeni-siyasi-tehreekat-or-hazrat-thanvi-ka-muaqaf/
Dehshat May Mohabbat,Afsanay U,https://gufhtugu.com/product/dehshat-may-mohabbat/
DEPUTY NAZIR AHMAD KI KAHANI,Biography U,https://gufhtugu.com/deputy-nazir-ahmad-ki-kahani/
DESCENSION of Jesus Christ,Books Under 750PKR,https://gufhtugu.com/descension-of-jesus-christ/
Desire of A’khirah,Books Under 750PKR,https://gufhtugu.com/desire-of-akhirah/
DEVTA KI BETIYAN,Afsanay U,https://gufhtugu.com/devta-ki-betiyan/
Dewano ki Diariyan,Books Under 750PKR,https://gufhtugu.com/dewano-ki-diariyan/
Dhai Khany ki Chaal,Afsanay U,https://gufhtugu.com/dhai-khany-ki-chaal/
Dhundlay Saaye aor Basti Basti Roshan Thi,Afsanay U,https://gufhtugu.com/dhundlay-saaye-aor-basti-basti-roshan-thi/
Dil Mera Balakot,Autobiography U,https://gufhtugu.com/dil-mera-balakot/
Dinosaur,Books Under 750PKR,https://gufhtugu.com/dinosaur/
Distribution Of Wealth In Islam,Books Under 750PKR,https://gufhtugu.com/distribution-of-wealth-in-islam/
Do Neem April,Books Under 750PKR,https://gufhtugu.com/do-neem-april/
Do Qalander: Bachchon Ki Alif Laila,Books Under 750PKR,https://gufhtugu.com/do-qalander-bachchon-ki-alif-laila/
Dosri Baraf Bari Say Pehle,Books Under 750PKR,https://gufhtugu.com/dosri-baraf-bari-say-pehle/
Dosti ka shari tareeqa,Books Under 750PKR,https://gufhtugu.com/dosti-ka-shari-tareeqa/
Double helix,Books Under 750PKR,https://gufhtugu.com/double-helix/
Double Mission,Books Under 750PKR,https://gufhtugu.com/double-machine/
Dragon Danger,Books Under 750PKR,https://gufhtugu.com/dragon-danger/
Dreams & Interpretations,Books Under 750PKR,https://gufhtugu.com/dreams-interpretations/
Driving Khud Seekhiyay – ڈرائیونگ خود سیکھئے,Books Under 750PKR,https://gufhtugu.com/driving-khud-seekhiyay/
Duaa,Books Under 750PKR,https://gufhtugu.com/duaa/
Dukhyare – دکھیارے,Books Under 750PKR,https://gufhtugu.com/dukhyare/
DUNIA KA QADEEM MAJMUA AHADEES,Books Under 750PKR,https://gufhtugu.com/dunia-ka-qadeem-majmua-ahadees/
Duniya bhar ke Kahaniyan,Books Under 750PKR,https://gufhtugu.com/duniya-bhar-ke-kahaniyan/
Duniyaa k Us Paar,Books Under 750PKR,https://gufhtugu.com/duniyaa-k-us-paar/
Duroos e Seerat,Books Under 750PKR,https://gufhtugu.com/duroos-e-seerat/
E City,Books Under 750PKR,https://gufhtugu.com/e-city/
Easy Good Deeds,Books Under 750PKR,https://gufhtugu.com/easy-good-deeds/
Easy Mission,Books Under 750PKR,https://gufhtugu.com/easy-mission/
Ehd e Ayobi ki Nasal e nu or Alquds ki Bazyabi,Books Under 750PKR,https://gufhtugu.com/ehd-e-ayobi-ki-nasal-e-nu-or-alquds-ki-bazyabi/
Ehd Nabvi Ke Maidan Jang,Books Under 750PKR,https://gufhtugu.com/ehd-nabvi-ke-mmaidan-jang/
Ehm Kaam Pehle,Books Under 750PKR,https://gufhtugu.com/ehm-kaam-pehle/
Einstein ki Kainaat,Books Under 750PKR,https://gufhtugu.com/einstein-ki-kainaat/
Ek Tha Algorithm-ایک تھا الگورتھم,Best Selling,https://gufhtugu.com/ek-tha-algorithm/
Esrar ul zakat,Books Under 750PKR,https://gufhtugu.com/esrar-ul-zakat/
Experiencing America: Through the Eyes of Visiting Fulbright Scholars,Books Under 750PKR,https://gufhtugu.com/experiencing-america-through-the-eyes-of-visiting-fulbright-scholars/
Faghan e Darwesh,Books Under 750PKR,https://gufhtugu.com/faghan-e-darwesh/
Falsafay kay bunyadi masail,Books Under 750PKR,https://gufhtugu.com/falsafay-kay-bunyadi-masail/
Farhang e Hayatiyat,Books Under 750PKR,https://gufhtugu.com/farhang-e-hayatiyat/
Farhang e Kimya,Books Under 750PKR,https://gufhtugu.com/farhang-e-kimya/
Fasana e Mubtala -فسانۂ مبتلا,Afsanay U,https://gufhtugu.com/fasana-e-mubtala/
Fear Management – A Spiritual Insight into Overcoming Your Fear,Best Selling,https://gufhtugu.com/product/fear-management-a-spiritual-insight-into-overcoming-your-fear/
Feeka,Books Under 750PKR,https://gufhtugu.com/feeka/
Fight Plus,Books Under 750PKR,https://gufhtugu.com/fight-plus/
Fighting Mission,Books Under 750PKR,https://gufhtugu.com/fighting-mission/
Film TV VCR,Books Under 750PKR,https://gufhtugu.com/film-tv-vcr/
Final Fight,Books Under 750PKR,https://gufhtugu.com/final-fight/
Final Game,Books Under 750PKR,https://gufhtugu.com/final-game/
Firdaus e Bareen,Books Under 750PKR,https://gufhtugu.com/firdaus-e-bareen/
Fortran 77,Books Under 750PKR,https://gufhtugu.com/fortran-77/
Gana Bajana Quran Aur Hadees Ki Roshni Main,Books Under 750PKR,https://gufhtugu.com/gana-bajana/
Gate To Paradise,Books Under 750PKR,https://gufhtugu.com/gate-to-pradise/
Gatsby,Books Under 750PKR,https://gufhtugu.com/gatsby/
Gautam Ke Dais Main,Books Under 750PKR,https://gufhtugu.com/product/gautam-ke-dais-main/
George And The Dragon,Books Under 750PKR,https://gufhtugu.com/george-and-the-dragon/
Ghaddaar,Books Under 750PKR,https://gufhtugu.com/ghaddaar/
Ghair Shohrat Yafta Mazameen – غیر شہرت یافتہ مضامین,Books Under 750PKR,https://gufhtugu.com/ghair-shohrat-yafta-mazameen/
Ghalib (Novel) – (غالب (ناول,Books Under 750PKR,https://gufhtugu.com/ghalib-novel/
Gham Bhee Gum Nhi Hoty,Best Selling,https://gufhtugu.com/product/gham-bhee-gum-nhi-hoty/
Gharelo refrigerator or air conditioner ki Murammat,Books Under 750PKR,https://gufhtugu.com/gharelo-refrigerator-or-air-conditioner-ki-murammat/
Ghazwat ur Rasool – غزوات الرسول,Books Under 750PKR,https://gufhtugu.com/ghazwat-ur-rasool/
Golden Kolok,Books Under 750PKR,https://gufhtugu.com/golden-kolok/
Golden Sand,Books Under 750PKR,https://gufhtugu.com/golden-sand/
Golden Spot,Books Under 750PKR,https://gufhtugu.com/golden-spot/
Goongay Ka Khuwab,Books Under 750PKR,https://gufhtugu.com/goongay-ka-khuwab/
Governor general house se Army house tak,Books Under 750PKR,https://gufhtugu.com/governor-general-house-se-army-house-tak/
Great Falls,Books Under 750PKR,https://gufhtugu.com/great-falls/
Great Mission Part 2,Books Under 750PKR,https://gufhtugu.com/great-mission/
Green Guard,Books Under 750PKR,https://gufhtugu.com/green-guard/
Group Fighting,Books Under 750PKR,https://gufhtugu.com/group-fighting/
Haji Murad – حاجی مراد,Books Under 750PKR,https://gufhtugu.com/haji-murad/
Hamari Jild,Books Under 750PKR,https://gufhtugu.com/hamari-jild/
Haqeeqat ka Jadu,Books Under 750PKR,https://gufhtugu.com/haqeeqat-ka-jadu/
Harakari,Books Under 750PKR,https://gufhtugu.com/harakari/
Harch,Books Under 750PKR,https://gufhtugu.com/harch/
Hard Agency,Books Under 750PKR,https://gufhtugu.com/hard-agency/
Hard Reback – Part II,Books Under 750PKR,https://gufhtugu.com/hard-reback/
Hard Target part 1 and 2,Books Under 750PKR,https://gufhtugu.com/hard-target-part-1-and-2/
Hashim Porah,Autobiography U,https://gufhtugu.com/hashim-porah/
Hasrat ka Qaidi,Books Under 750PKR,https://gufhtugu.com/hasrat-ka-qaidi/
hats,Books Under 750PKR,https://gufhtugu.com/hats/
Hayaat ul Muslameen,Books Under 750PKR,https://gufhtugu.com/hayaat-ul-muslameen/
Hayat E Quaid E Aazam,Biography U,https://gufhtugu.com/product/hayat-e-quaid-e-aazam/
Hayat e Saeed,Autobiography U,https://gufhtugu.com/hayat-e-saeed/
Hayat Esaa (AS),Books Under 750PKR,https://gufhtugu.com/hayat-esaa-as/
Hayat Imam Shafi,Books Under 750PKR,https://gufhtugu.com/product/hayat-imam-shafi/
Hazrat Ali RA k faisley,Books Under 750PKR,https://gufhtugu.com/hazrat-ali-ra-k-faisley/
Hazrat Baba Bullhay Shah,Books Under 750PKR,https://gufhtugu.com/hazrat-baba-bullhay-shah/
Hazrat Muhammad Kay Faislay,Books Under 750PKR,https://gufhtugu.com/hazrat-muhammad-kay-faislay/
Hazrat Noman(RA) Ki Zarafat,Books Under 750PKR,https://gufhtugu.com/hazrat-nomanra-ki-zarafat/
Hazrat Nooh or Bari Kashti,Books Under 750PKR,https://gufhtugu.com/hazrat-nooh-or-bari-kashti/
Hazrat Saeed Bin Aamir Ki Qanaat,Books Under 750PKR,https://gufhtugu.com/hazrat-saeed-bin-aamir-ki-qanaat/
Hazrat Salih (AS) or Bari Ontani,Books Under 750PKR,https://gufhtugu.com/hazrat-salih-as-or-bari-ontani/
Hazrat Saubia Rasool Akram(saw) ki Razayi Walidah,Books Under 750PKR,https://gufhtugu.com/hazrat-saubia-rasool-akramsaw-ki-razayi-walidah/
Hazrat Suleman (A.S) or Hud Hud,Books Under 750PKR,https://gufhtugu.com/hazrat-suleman-a-s-or-hud-hud/
Hazrat Sultan Bahu,Books Under 750PKR,https://gufhtugu.com/product/hazrat-sultan-bahu/
Hazrat Umer Kay Faislay,Books Under 750PKR,https://gufhtugu.com/hazrat-umer-kay-faislay/
Heart of Darkness,Books Under 750PKR,https://gufhtugu.com/heart-of-darkness/
HERO,Books Under 750PKR,https://gufhtugu.com/hero/
Hidayaat,Books Under 750PKR,https://gufhtugu.com/hidayaat/
Hifazat Ul Imaan,Books Under 750PKR,https://gufhtugu.com/hifazat-ul-imaan/
High Victory,Books Under 750PKR,https://gufhtugu.com/high-victory/
Hindu Pakistan me Muslimano ka Nizam e Taleem o tarbiyat,Books Under 750PKR,https://gufhtugu.com/hindu-pakistan-me-muslimano-ka-nizam-e-taleem-o-tarbiyat/
Hop on Pop,Books Under 750PKR,https://gufhtugu.com/hop-on-pop/
Hot Rays,Books Under 750PKR,https://gufhtugu.com/hot-rays/
How To Get Filthy Rich In Rising Asia,Books Under 750PKR,https://gufhtugu.com/how-to-get-filthy-rich-in-rising-asia/
How to say your prayers,Books Under 750PKR,https://gufhtugu.com/how-to-say-your-prayers/
Hum Namaz kese parhain,Books Under 750PKR,https://gufhtugu.com/hum-namaz-kese-parhain/
Hum or hamari sihat,Books Under 750PKR,https://gufhtugu.com/hum-or-hmari-sihat/
Hum Wehshi Hain – ہم وحشی ہیں,Afsanay U,https://gufhtugu.com/hum-wehshi-hain/
Huzoor(SAW) ne farmaya,Books Under 750PKR,https://gufhtugu.com/huzoorsaw-ne-farmaya/
Ibaarat Kaise Likhain,Books Under 750PKR,https://gufhtugu.com/ibaarat-kaise-likhain/
Ibn e Khuldoon,Books Under 750PKR,https://gufhtugu.com/product/ibn-e-khuldoon/
Ibtadayi Falkiyat,Books Under 750PKR,https://gufhtugu.com/ibtadayi-falkiyat/
Ijaz Ul Quran,Books Under 750PKR,https://gufhtugu.com/ijaz-ul-quran/
Ikeesvin Saddi k Ikees Sabaq,Books Under 750PKR,https://gufhtugu.com/ikeesvin-saddi-k-ikees-sabaq/
ilam Ghaib,Books Under 750PKR,https://gufhtugu.com/ilam-ghaib/
ILL Omens and Superstitions,Books Under 750PKR,https://gufhtugu.com/ill-omens-and-superstitions/
Ilm e Mashiyat or Islami Mashiyat,Books Under 750PKR,https://gufhtugu.com/ilm-e-mashiyat-or-islami-mashiyat/
Ilm e Shari ki Shari Hesiyat,Books Under 750PKR,https://gufhtugu.com/ilm-e-shari-ki-shari-hesiyat/
Ilm o Tehqeek ka Islami Tanazur,Books Under 750PKR,https://gufhtugu.com/ilm-o-tehqeek-ka-islami-tanazur/
Imam Azam Abu Hanifa(RA) -امام اعظم ابوحنیفہ,Books Under 750PKR,https://gufhtugu.com/imam-azam-abu-hanifara/
Imam Muhammad Al Shabani,Biography U,https://gufhtugu.com/imam-muhammad-al-shabani/
Imam Raazi,Books Under 750PKR,https://gufhtugu.com/product/imam-raazi/
Inasno ki Khidmat,Books Under 750PKR,https://gufhtugu.com/inasno-ki-khidmat/
Infaaq Fi Sabeel Allah,Books Under 750PKR,https://gufhtugu.com/infaaq-fi-sabeel-allah/
Insani Jisam Kia hy,Books Under 750PKR,https://gufhtugu.com/insani-jisam-kia-hy/
Insani Shaoor Ka Irtiqa – انسانی شعور کا ارتقاء,Books Under 750PKR,https://gufhtugu.com/insani-shaoor-ka-irtiqa/
Insaniyat ka Imtiyaaz – اسانیت کا امتیاز,Books Under 750PKR,https://gufhtugu.com/insaniyat-ka-imtiyaaz/
Insaniyat Maut k Darwazy per – انسانیت موت کے دروازے پر,Books Under 750PKR,https://gufhtugu.com/insaniyat-maut-k-darwazy-per/
Intakhab kalam Musahfi,Books Under 750PKR,https://gufhtugu.com/intakhab-kalam-musahfi/
Internet Se Paise Kamain-انٹرنیٹ سے پیسہ کمائیں,Best Selling,https://gufhtugu.com/freelancing/
Introduction to Islam,Books Under 750PKR,https://gufhtugu.com/introduction-to-islam/
Iqbal Bachon aur Naujwanon Kay Liyay,Books Under 750PKR,https://gufhtugu.com/iqbal-bachon-aur-naujwanon-kay-liyay/
Irteqa Shaheen,Best Selling,https://gufhtugu.com/product/irteqa-shaheen/
Islaah e Khawateen,Books Under 750PKR,https://gufhtugu.com/islaah-e-khawateen/
Islaah Un Nisaah – اصلاح النساء,Books Under 750PKR,https://gufhtugu.com/islaah-un-nisaah/
ISLAHI NISAB,Books Under 750PKR,https://gufhtugu.com/islahi-nisab/
Islam Aik Taaruf,Books Under 750PKR,https://gufhtugu.com/islam-aik-taaruf/
Islam kia Musliman kon,Books Under 750PKR,https://gufhtugu.com/islam-kia-musliman-kon/
Islam On Grafting & Transplanting Of Human Organs,Books Under 750PKR,https://gufhtugu.com/islam-on-grafting-transplanting-of-human-organs/
Islam or Hamari Zindagi,Books Under 750PKR,https://gufhtugu.com/islam-or-hamari-zindagi/
Islam or Jahiliyat – اسلام اور جاہلیت,Books Under 750PKR,https://gufhtugu.com/islam-or-jahiliyat/
Islam or Tehzeeb e Maghrib ki Kashmakish,Books Under 750PKR,https://gufhtugu.com/islam-or-tehzeeb-e-maghrib-ki-kashmakish/
Islami Bait ul Maal,Books Under 750PKR,https://gufhtugu.com/islami-bait-ul-maal/
Islami Banko’n me Raij Muraija ka Tareeq Kaar,Books Under 750PKR,https://gufhtugu.com/islami-bankon-me-raij-muraija-ka-tareeq-kaar/
Islami Tarikh o Tahzeeb – اسلامی تاریخ و تہذیب,Books Under 750PKR,https://gufhtugu.com/islami-tarikh-o-tahzeeb/
Islamiyat (1),Books Under 750PKR,https://gufhtugu.com/islamiyat-1/
Ismat Chughtai Kay Shahkar Afsanay – عصمت چغتائی کے شاہکار افسانے,Afsanay U,https://gufhtugu.com/product/ismat-chughtai-kay-shahkar-afsanay/
Jab Khayt Jaagay,Books Under 750PKR,https://gufhtugu.com/jab-khayt-jaagay/
Jadeed Biotechnology,Books Under 750PKR,https://gufhtugu.com/jadeed-biotechnology/
Jadeed Masail ka Sharai hal – جدید مسائل کا شرعی حل,Books Under 750PKR,https://gufhtugu.com/jadeed-masail-ka-sharai-hal/
Jahangard ki wapsi (Translation)(Urdu),Books Under 750PKR,https://gufhtugu.com/jahangard-ki-wapsi-translationurdu/
Jalib Jalib,Books Under 750PKR,https://gufhtugu.com/jalib-jalib/
Jane Eyre,Books Under 750PKR,https://gufhtugu.com/jane-eyre/
Jannat Kay Haseen Manazir – جنت کے حسین مناظر,Books Under 750PKR,https://gufhtugu.com/jannat-kay-haseen-manazir/
Jannat ki khushkabri pany wali khawateen,Books Under 750PKR,https://gufhtugu.com/jannat-ki-khushkabri-pany-wali-khawateen/
Jannat ki kunji,Books Under 750PKR,https://gufhtugu.com/jannat-ki-kunji/
Jannati Aurat – جنتی عورت,Books Under 750PKR,https://gufhtugu.com/jannati-aurat/
Jeet ki Adat – جیت کی عادت,Books Under 750PKR,https://gufhtugu.com/jeet-ki-adat/
Jhijak,Afsanay U,https://gufhtugu.com/jhijak/
Jo ham pe Guzri,Books Under 750PKR,https://gufhtugu.com/jo-ham-pe-guzri/
JSP,Books Under 750PKR,https://gufhtugu.com/jsp/
Just So Stories,Books Under 750PKR,https://gufhtugu.com/just-so-stories/
Justju ka safar-1,Books Under 750PKR,https://gufhtugu.com/justju-ka-safar-1/
Kabhi Himat Na Hariyay,Books Under 750PKR,https://gufhtugu.com/kabhi-himat-na-hariyay/
Kafley Ujalon k,Afsanay U,https://gufhtugu.com/kafley-ujalon-k/
Kaggle for Begginers,Best Selling,https://gufhtugu.com/product/kaggle-for-begginers/
Kahani ba Maani,Books Under 750PKR,https://gufhtugu.com/kahni-ba-maani/
Kainaat (Ek Raaz),Books Under 750PKR,https://gufhtugu.com/kainaat-ek-raaz/
Kalam baba fareed ganj shakar,Books Under 750PKR,https://gufhtugu.com/kalam-baba-fareed-ganj-shakar/
Kalam sultan baho,Books Under 750PKR,https://gufhtugu.com/kalam-sultan-baho/
Kalam-e-rehman baba,Books Under 750PKR,https://gufhtugu.com/kalam-e-rehman-baba/
kalma taiba Per emaan lanay ka Maqsad,Books Under 750PKR,https://gufhtugu.com/kalma-taiba-ke-maani/
Kalma Tayyabah kay Meni,Books Under 750PKR,https://gufhtugu.com/kalma-tayyabah-kay-meni/
Kaly jismo ki Riyazat,Books Under 750PKR,https://gufhtugu.com/kaly-jismo-ki-riyazat/
Kamyab Logon ki Dilchasp Batain,Books Under 750PKR,https://gufhtugu.com/%DA%A9%D8%A7%D9%85%DB%8C%D8%A7%D8%A8-%D9%84%D9%88%DA%AF%D9%88%DA%BA-%DA%A9%DB%8C-%D8%AF%D9%84%DA%86%D8%B3%D9%BE-%D8%A8%D8%A7%D8%AA%DB%8C%DA%BA/
Kamyabi k Jadoi Asraat,Books Under 750PKR,https://gufhtugu.com/kamyabi-k-jadoi-asraat/
Karika,Books Under 750PKR,https://gufhtugu.com/karika/
Karog,Books Under 750PKR,https://gufhtugu.com/karog/
Kasaa e Khawab,Books Under 750PKR,https://gufhtugu.com/kasaa-e-khawab/
Kasper Rays,Books Under 750PKR,https://gufhtugu.com/kasper-rays/
Kazaak,Books Under 750PKR,https://gufhtugu.com/kazaak/
Kehti hy tujh ko khalq e khuda ghaibana kia,Books Under 750PKR,https://gufhtugu.com/kehti-hy-tujh-ko-khalq-e-khuda-ghaibana-kia/
Kesa Bharosa,Books Under 750PKR,https://gufhtugu.com/kesa-bharosa/
Khaatim ul Nabiyeen,Books Under 750PKR,https://gufhtugu.com/khaatim-ul-nabiyeen/
Khamrey,Books Under 750PKR,https://gufhtugu.com/khaamrey/
Khareed o Firokht or Nafa Kamany k Shari Ahkam,Books Under 750PKR,https://gufhtugu.com/khareed-o-firokht-or-nafa-kamany-k-shari-ahkam/
Khat us Bachy k Naam jo kabhi Peda na hua,Books Under 750PKR,https://gufhtugu.com/khat-us-bachy-k-naam-jo-kabhi-peda-na-hua/
Khawateen islam k akhri lamhat,Books Under 750PKR,https://gufhtugu.com/khawateen-islam-k-akhri-lamhat/
Khawateen k Deeni  Masail,Books Under 750PKR,https://gufhtugu.com/khawateen-k-deeni-masail/
Khawateen ka deni Muallam,Books Under 750PKR,https://gufhtugu.com/khawateen-ka-deni-muallam/
Khazana,Books Under 750PKR,https://gufhtugu.com/khazana/
Khofnak Kahaniyan -خوفناک کہانیاں,Books Under 750PKR,https://gufhtugu.com/khofnak-kahaniyan/
Khud Kushi – Haraam Maut,Books Under 750PKR,https://gufhtugu.com/khud-kushi-haraam-maut/
khud Shanasi – خود شناسی,Books Under 750PKR,https://gufhtugu.com/khud-shanasi/
Khulafa e Rashidin-خلفاءے راشدین,Books Under 750PKR,https://gufhtugu.com/khulafa-e-rashidin/
Khulfaay e Rashdeen – خلفاۓ راشدین,Books Under 750PKR,https://gufhtugu.com/khulfaay-e-rashdeen/
Khush Nafsaan,Books Under 750PKR,https://gufhtugu.com/khush-nafsaan/
Kimyaa or hum,Books Under 750PKR,https://gufhtugu.com/kimyaa-or-hum/
Kinki the cheeky colt,Books Under 750PKR,https://gufhtugu.com/kinki-the-cheeky-colt/
Kisi aur Zamanay  ka khawab,Books Under 750PKR,https://gufhtugu.com/kisi-aur-zamanay-ka-khawab/
Knowledge & Forbearance,Books Under 750PKR,https://gufhtugu.com/knowledge-forbearance/
koi mehram raaz na milda,Books Under 750PKR,https://gufhtugu.com/koi-mehram-raaz-na-milda/
koi mehram raaz na milda,Books Under 750PKR,https://gufhtugu.com/koi-mehram-raaz-na-milda-copy/
Kuch Lafaz ye Chori k ain seen- کچھ لفظ یہ چوری کے عین سین,Books Under 750PKR,https://gufhtugu.com/kuch-lafaz-ye-chori-k/
Kuliyat E Iqbal,Books Under 750PKR,https://gufhtugu.com/product/kuliyat-e-iqbal/
Kulliyat Shakir,Books Under 750PKR,https://gufhtugu.com/kulliyat-shakir/
KUNG FU PANDA 3,Books Under 750PKR,https://gufhtugu.com/kung-fu-panda-3/
Lafz Khurdary,Books Under 750PKR,https://gufhtugu.com/product/lafz-khurdary/
Lahore: A Sentimental Journey,Books Under 750PKR,https://gufhtugu.com/lahore-a-sentimental-journey/
Large View Project,Books Under 750PKR,https://gufhtugu.com/large-view-project/
LARKIYON KI DIARY,Books Under 750PKR,https://gufhtugu.com/larkiyon-ki-diary/
Last Fight,Books Under 750PKR,https://gufhtugu.com/last-fight/
Last Round,Books Under 750PKR,https://gufhtugu.com/last-round/
Last Trip,Books Under 750PKR,https://gufhtugu.com/last-trip/
Lazim Hai Jnaun Ho Ga  – لازم ہے جنوں ہو گا,Books Under 750PKR,https://gufhtugu.com/lazim-hai-jnaun-ho-ga/
Learning to Lead,Books Under 750PKR,https://gufhtugu.com/learning-to-lead/
Lessons In Islam Ta’limul Islam,Books Under 750PKR,https://gufhtugu.com/lessons-in-islam-talimul-islam/
let’s go to a Building site,Books Under 750PKR,https://gufhtugu.com/lets-go-to-a-building-site/
Letters to a Young Poet,Books Under 750PKR,https://gufhtugu.com/letters-to-a-young-poet/
Life Insurance,Books Under 750PKR,https://gufhtugu.com/life-insurance/
Lime Light,Books Under 750PKR,https://gufhtugu.com/lime-light/
Linux – An Introduction,Best Selling,https://gufhtugu.com/linux-an-introduction/
Little devils,Books Under 750PKR,https://gufhtugu.com/little-devils/
London se adaab arz or Dais se bahr,Books Under 750PKR,https://gufhtugu.com/london-se-adaab-arz-or-dais-se-bahr/
Lords,Books Under 750PKR,https://gufhtugu.com/lords/
Maal Waqf or Hamari Kotahiyan,Books Under 750PKR,https://gufhtugu.com/maal-waqf-or-hamari-kotahiyan/
Maaroof mochi: bachchon ki alif laila,Books Under 750PKR,https://gufhtugu.com/maaroof-mochi-bachchon-ki-alif-laila/
Madey – Kimiya,Books Under 750PKR,https://gufhtugu.com/madey-kimiya/
Maghrabi Falsafa Taleem ka Tanqeedi Mutala,Books Under 750PKR,https://gufhtugu.com/maghrabi-falsafa-taleem-ka-tanqeedi-mutala/
MAHIR E NAFSAYAT KI DIARY,Books Under 750PKR,https://gufhtugu.com/mahir-e-nafsayat-ki-diary/
Mairaj ka Paigham,Books Under 750PKR,https://gufhtugu.com/mairaj-ka-paigham/
MAIRAY WALID MAJID AWR UN KAY MUJARRAB ‘AMLIAT,Books Under 750PKR,https://gufhtugu.com/mairay-walid-majid-awr-un-kay-mujarrab-amliat/
Makroh Jurm,Books Under 750PKR,https://gufhtugu.com/makroh-jurm/
Maktobat Nabvi – مکتوبات نبوی,Books Under 750PKR,https://gufhtugu.com/maktobat-nabvi/
Maldaron se Muhabbat,Books Under 750PKR,https://gufhtugu.com/maldaron-se-muhabbat/
Man Autaar – من اوتار,Afsanay U,https://gufhtugu.com/man-autaar/
Managers as Little Prince by Khurram Ellahi,Best Selling,https://gufhtugu.com/product/managers-as-little-prince-by-khurram-ellahi/
Manaqib ibn e Arabi,Books Under 750PKR,https://gufhtugu.com/manaqib-ibn-e-arabi/
Manto Aaj Bhi Zinda Hai – منٹو آج بھی زندہ ہے3,Autobiography U,https://gufhtugu.com/manto-aaj-bhi-zinda-hai/
Manzil,Books Under 750PKR,https://gufhtugu.com/manzil/
Mareekh,Books Under 750PKR,https://gufhtugu.com/mareekh/
Maria Section,Books Under 750PKR,https://gufhtugu.com/maria-section/
Marny k bad kia hoga – مرنے کے بعد کیا ہوگا,Books Under 750PKR,https://gufhtugu.com/marny-k-bad-kia-hoga/
Marshal Agency,Books Under 750PKR,https://gufhtugu.com/marshal-agency/
Marz Aur Is Ke Ahqam O Masail,Books Under 750PKR,https://gufhtugu.com/marz-aur-is-ke-ahqam-o-masail/
Marzboom – مرزبوم,Books Under 750PKR,https://gufhtugu.com/marzboom-%D9%85%D8%B1%D8%B2%D8%A8%D9%88%D9%85/
Masail e Taraveeh – مسائل تراویح,Books Under 750PKR,https://gufhtugu.com/masail-e-taraveeh/
Masail Zakaat – مسائل زکوۃ,Books Under 750PKR,https://gufhtugu.com/masail-zakaat/
Mashvara o Istakhara ki Fazilat o Ahmiyat-مشورہ و استخارہ کی اہمیت,Books Under 750PKR,https://gufhtugu.com/mashvara-o-istakhara-ki-fazilat-o-ahmiyat/
Masla Taqdeer – مسئلۂ تقدیر,Books Under 750PKR,https://gufhtugu.com/masla-taqdeer/
Maslak Ulma e Deoband,Books Under 750PKR,https://gufhtugu.com/maslak-ulma-e-deoband/
Masnoon Prayers,Books Under 750PKR,https://gufhtugu.com/masnoon-prayers/
Masooma – معصومہ,Books Under 750PKR,https://gufhtugu.com/masooma/
Master Laboratory,Books Under 750PKR,https://gufhtugu.com/master-laboratory/
Master Mission,Books Under 750PKR,https://gufhtugu.com/master-mission/
Matam Aik Aurat ka – ماتم ایک عورت کا,Books Under 750PKR,https://gufhtugu.com/matam-aik-aurat-ka/
Maulana abul salam niazi,Books Under 750PKR,https://gufhtugu.com/maulana-abul-salam-niazi/
Maut ki Kitab – موت کی کتاب,Books Under 750PKR,https://gufhtugu.com/maut-ki-kitab/
Mazahe Mohabbat  Urdu Tanzia Mazahia Shayri,Books Under 750PKR,https://gufhtugu.com/product/mazah-e-mohabbat-urdu-tanzia-mazahia-shayri/
Mazbot Soch ki 26 Behtreen Kitabain – مظبوط سوچ کی 26 بہترین کتابیں,Books Under 750PKR,https://gufhtugu.com/mazbot-soch-ki-26-behtreen-kitabain/
Mazeed ganjay farishtay,Afsanay U,https://gufhtugu.com/mazeed-ganjay-farishtay/
MAZI KAY JHAROKON SAY,Books Under 750PKR,https://gufhtugu.com/mazi-kay-jharokon-say/
Me Acha hun ya Bura? – میں اچھا ہوں یا برا؟,Books Under 750PKR,https://gufhtugu.com/me-acha-hun-ya-bura/
Me Khush kese Rahon ? – میں خوش کیسے رہوں؟,Books Under 750PKR,https://gufhtugu.com/me-khush-kese-rahon/
Meatless days,Books Under 750PKR,https://gufhtugu.com/meatless-days/
Medan E Amal,Afsanay U,https://gufhtugu.com/medan-e-amal/
Medical Emergency main Homeopathic Ilaj,Books Under 750PKR,https://gufhtugu.com/medical-emergency-main-homeopathic-ilaj/
Meditations,Articles,https://gufhtugu.com/meditations/
Meethay Bol May Jadu Hai,Books Under 750PKR,https://gufhtugu.com/meethay-bol-may-jadu-hai/
Meethay Bol May Jadu Hai,Books Under 750PKR,https://gufhtugu.com/meethay-bol-may-jadu-hai/
Mega Colouring – Disney Princess,Books Under 750PKR,https://gufhtugu.com/mega-colouring-disney-princess/
Mei Jama Tu,Autobiography U,https://gufhtugu.com/mei-jama-tu/
Mekay Ki Laaj Rakhna – میکے لاج رکھنا,Books Under 750PKR,https://gufhtugu.com/mekay-ki-laaj-rakhna/
Mela Akhiyan  Da,Books Under 750PKR,https://gufhtugu.com/mela-akhiyan-da/
Mian nikhatu,Books Under 750PKR,https://gufhtugu.com/mian-nikhatu/
Mickey’s day at the circus,Books Under 750PKR,https://gufhtugu.com/mickeys-day-at-the-circus/
Mind  Blaster,Books Under 750PKR,https://gufhtugu.com/mind-blaster/
MISALI IKHLAQIYAT,Books Under 750PKR,https://gufhtugu.com/misali-ikhlaqiyat/
Miss Mano ki Mazydar Mew Mew,Books Under 750PKR,https://gufhtugu.com/miss-mano-ki-mazydar-mew-mew/
Moat k waqt Shetani Dhoka,Books Under 750PKR,https://gufhtugu.com/moat-k-waqt-shetani-dhoka/
Modbana Guzarish,Books Under 750PKR,https://gufhtugu.com/modbana-guzarish/
Mojza kiya hy – معجزہ کیا ہے,Books Under 750PKR,https://gufhtugu.com/mojza-kiya-hy/
Momino ki zahanat k Qissay – مومنوں کی ذھانت کے قصے,Books Under 750PKR,https://gufhtugu.com/momino-ki-zahanat/
Mr Human,AR Usmani,https://gufhtugu.com/product/mr-human/
Muashrat k Chand Adaab,Books Under 750PKR,https://gufhtugu.com/muashrat-k-chand-adaab/
Mufti Azam Pakistan,Books Under 750PKR,https://gufhtugu.com/mufti-azam-pakistan/
Muhajareen ka Waqaar – مہاجرین کا وقار,Books Under 750PKR,https://gufhtugu.com/muhajareen-ka-waqaar/
Mujhe Namaz Sikha Dijye (for boys)- (لڑکوں کیلیۓ) مجھے نماز سکھا دیجیۓ,Books Under 750PKR,https://gufhtugu.com/mujhe-namaz-sikha-dijye-for-boys/
Mukamal Masail Roza – مکمل مسائل روزہ,Books Under 750PKR,https://gufhtugu.com/mukamal-masail-roza/
Mulla Ka Rizq,Books Under 750PKR,https://gufhtugu.com/mulla-ka-rizq/
MULLA WAHIDI MAASAREEN KI NAZAR MAY,Books Under 750PKR,https://gufhtugu.com/mulla-wahidi-maasareen-ki-nazar-may/
Multan nisf-e-jahan,Books Under 750PKR,https://gufhtugu.com/multan-nisf-e-jahan/
Multi Target,Books Under 750PKR,https://gufhtugu.com/multi-target/
Muntakhib kalam Asghar gondvi,Books Under 750PKR,https://gufhtugu.com/muntakhib-kalam-asghar-gondvi/
Muntakhib kalam aziz hamid madni,Books Under 750PKR,https://gufhtugu.com/muntakhib-kalam-aziz-hamid-madni/
Muntakhib kalam Hafeez Hoshyar puri,Books Under 750PKR,https://gufhtugu.com/muntakhib-kalam-hafeez-hoshyar-puri/
Muntakhib kalam Hasrat Mohani,Books Under 750PKR,https://gufhtugu.com/muntakhib-kalam-hasrat-mohani/
Muntakhib Kalam Jigar murad abadi,Books Under 750PKR,https://gufhtugu.com/muntakhir-kalam-jigar-murad-abadi/
Muntakhib kalam Mustafa Zaidi,Books Under 750PKR,https://gufhtugu.com/muntakhib-kalam-mustafa-zaidi/
Muntakhib kalam Qabil ajmeri,Books Under 750PKR,https://gufhtugu.com/muntakhib-kalam-qabil-ajmeri/
Muqadma,Books Under 750PKR,https://gufhtugu.com/muqadma/
Musalman Hone Ke Lie Ilm Ki Zarorat,Books Under 750PKR,https://gufhtugu.com/musalman-hone-ke-lie-ilm-ki-zarorat/
Musalman Khavateen Ki Zimadarian,Books Under 750PKR,https://gufhtugu.com/musalman-khavateen-ki-zimadarian/
Musalman Khawateen keliye 20 sabaq,Books Under 750PKR,https://gufhtugu.com/musalman-khawateen-keliye-20-sabaq/
Musalman Kisse kehte hain?,Books Under 750PKR,https://gufhtugu.com/musalman-kisse-kehte-hain/
Musalmanon Ka Mazi Hal Aur Mustaqbil,Books Under 750PKR,https://gufhtugu.com/musalmanon-ka-mazi-hal-aur-mustaqbil/
Muslim Aur Kafir Main Asli Farq,Books Under 750PKR,https://gufhtugu.com/muslim-aur-kafir-main-asli-farq/
Muslim Currency part 2,Books Under 750PKR,https://gufhtugu.com/muslim-currency-part-2/
Muslim Youth Science and Islam,Books Under 750PKR,https://gufhtugu.com/muslim-youth-science-and-islam/
Musliman Musibat me Ghabraya nahi krtay,Books Under 750PKR,https://gufhtugu.com/musliman-musibat-me-ghabraya-nahi-krtay/
Nabi Akram (saw) K Ghazwat,Books Under 750PKR,https://gufhtugu.com/nabi-akram-saw-k-ghazwat/
Nabi ka andaaz-e-taleem-o-tarbiat,Books Under 750PKR,https://gufhtugu.com/nabi-ka-andaaz-e-taleem-o-tarbiat/
Nafas k Banday,Books Under 750PKR,https://gufhtugu.com/nafas-k-banday/
Nagar Nagar ki Kahaniyan,Afsanay U,https://gufhtugu.com/nagar-nagar-ki-kahaniyan/
Namaz aur Jadid Science,Books Under 750PKR,https://gufhtugu.com/namaz-aur-jadid-science/
Namaz Course – نماز کورس,Books Under 750PKR,https://gufhtugu.com/namaz-course/
Namaz ki baz ehm Kotahiyan,Books Under 750PKR,https://gufhtugu.com/namaz-ki-baz-ehm-kotahiyan/
Namaz main Khawateen ki Ghafaltain,Books Under 750PKR,https://gufhtugu.com/namaz-main-khawateen-ki-ghafaltain/
Naqoosh e Tareekh,Books Under 750PKR,https://gufhtugu.com/naqoosh-e-tareekh/
Naye Kaprey – نۓ کپڑے,Books Under 750PKR,https://gufhtugu.com/naye-kaprey/
Nerang-e-ghazal -1,Books Under 750PKR,https://gufhtugu.com/nerang-e-ghazal-1/
Nerang-e-ghazal -3,Books Under 750PKR,https://gufhtugu.com/nerang-e-ghazal-3/
Nidae Ibrahim,Books Under 750PKR,https://gufhtugu.com/nidae-ibrahim/
Nijat Ul Muslemin-نجات المسلمین,Books Under 750PKR,https://gufhtugu.com/nijat-ul-muslemin/
Nisab Taleem par Kari War,Books Under 750PKR,https://gufhtugu.com/nisab-taleem-par-kari-war/
Nisab ul Muredeen,Books Under 750PKR,https://gufhtugu.com/nisab-ul-muredeen/
Nobel inamat k 103 saal – aman,Biography U,https://gufhtugu.com/nobel-inamat-k-103-saal-aman/
Nobel inamat k 103 saal –  Tib/Feliyat,Biography U,https://gufhtugu.com/nobel-inamat-k-103-saal-tib-feliyat/
Noraani Qaaidah,Books Under 750PKR,https://gufhtugu.com/noraani-qaaidah/
Novel ka fun,Books Under 750PKR,https://gufhtugu.com/novel-ka-fun/
Nuclei Tawanai or Atom Bomb,Books Under 750PKR,https://gufhtugu.com/nuclei-tawanai-or-atom-bomb/
Odyssey of Self,Books Under 750PKR,https://gufhtugu.com/odyssey-of-self/
Office 2007/2010,Books Under 750PKR,https://gufhtugu.com/office-2007-2010/
Operation Sandwich,Books Under 750PKR,https://gufhtugu.com/operation-sandwich/
Or phir bayan apna – phir wahi apna bayan mera bayan,Books Under 750PKR,https://gufhtugu.com/or-phir-bayan-apna-phir-wahi-apna-bayan-mera-bayan/
Ount,Books Under 750PKR,https://gufhtugu.com/ount/
Paak Nabi(saw) ki Seerat Paak -پاک نبیﷺ کی سیرت پاک,Books Under 750PKR,https://gufhtugu.com/paak-nabisaw-ki-seerat-paak/
Paimana-e-ghazal part-3,Books Under 750PKR,https://gufhtugu.com/piamana-e-ghazal-part-3/
Pakistan I Still Love You,Books Under 750PKR,https://gufhtugu.com/product/pakistan-i-still-love-you/
Pakistan se diyar e-haram tak,Books Under 750PKR,https://gufhtugu.com/pakistan-se-diyar-e-haram-tak/
Parda Ki Sharai Ahkam,Books Under 750PKR,https://gufhtugu.com/parda-ki-sharai-ahkam/
Pardah,Books Under 750PKR,https://gufhtugu.com/pardah/
Parents Islamic Rights and Responsibilities,Books Under 750PKR,https://gufhtugu.com/parents-islamic-rights-and-responsibilities/
Parliament Main Qadyani Muqaddama – پارلیمنٹ میں قادیانی مقدمہ,Books Under 750PKR,https://gufhtugu.com/parliament-main-qadyani-muqaddama/
Pathar chehray,Afsanay U,https://gufhtugu.com/pathar-chehray/
Patras Kay Mazameen – پطرس کے مضامین,Books Under 750PKR,https://gufhtugu.com/patras-kay-mazameen/
Peacock,Books Under 750PKR,https://gufhtugu.com/peacock/
Pehchan,Books Under 750PKR,https://gufhtugu.com/pehchan/
Pehla aur Akhiri Khat – پہلا اور آخری خط,Books Under 750PKR,https://gufhtugu.com/pehla-aur-akhiri-khat/
Perform Salah Correctly,Books Under 750PKR,https://gufhtugu.com/perform-salah-correctly/
Perform WUDU Correctly,Books Under 750PKR,https://gufhtugu.com/perform-wudu-correctly/
Phansi – پھانسی,Books Under 750PKR,https://gufhtugu.com/phansi/
Piayary Nabi (SAW) ki piyari Sahibzadiyan(پیارےنبیﷺکی پیاری صَاحبزادیاں),Books Under 750PKR,https://gufhtugu.com/piayary-nabi-saw-ki-piyari-sahibzadiyan/
Pirate (Eyewitness),Books Under 750PKR,https://gufhtugu.com/pirate-eyewitness/
Poultry farming,Books Under 750PKR,https://gufhtugu.com/poultry-farming/
Power-Azeem Kamyabi ki Quwat – پاور – عظیم کامیابی کی قوت,Books Under 750PKR,https://gufhtugu.com/power-azeem-kamyabi-ki-quwat/
Preserving The Deen,Books Under 750PKR,https://gufhtugu.com/preserving-the-deen/
Product Management,Books Under 750PKR,https://gufhtugu.com/product-management/
Python Programming,Best Selling,https://gufhtugu.com/python-programming/
QABZ E ZAMAN,Afsanay U,https://gufhtugu.com/qabz-e-zaman/
QAIM DEEN – Afsanay,Afsanay U,https://gufhtugu.com/qaim-deen-afsanay/
Qalb-E-Zulmaat,Books Under 750PKR,https://gufhtugu.com/qalb-e-zulmaat/
Qaseeda Banat Saa’ad,Books Under 750PKR,https://gufhtugu.com/qaseeda-banat-saaad/
Qaumain Kuu Halak Hoti hain,Books Under 750PKR,https://gufhtugu.com/qaumain-kuu-halak-hoti-hain/
Qazi Abu Yousif – Hayat or Ilmi Karnamy,Biography U,https://gufhtugu.com/qazi-abu-yousif/
Qissa Sote Jaagte Ka: Bachchon Ki Alif Laila,Books Under 750PKR,https://gufhtugu.com/qissa-sote-jaagte-ka-bachchon-ki-alif-laila/
Quaid -e – Azam aur pakistan,Biography U,https://gufhtugu.com/quaid-e-azam-aur-pakistan/
Quds ko yahudi sher banany ki koshish,Books Under 750PKR,https://gufhtugu.com/quds-ko-yahudi-sher-banany-ki-koshish/
R ka Taaruf,Books Under 750PKR,https://gufhtugu.com/product/r-ka-taaruf/
Raaz e Hayat – رازحیات,Books Under 750PKR,https://gufhtugu.com/raz-e-hayat/
Rab ka Shukr Ada kar Bhai (bachchon ki nazmein),Books Under 750PKR,https://gufhtugu.com/rab-ka-shukr-ada-kar-bhai-bachchon-ki-nazmein/
Rafeeq e Safar-رفیق سفر,Books Under 750PKR,https://gufhtugu.com/rafeeq-e-safar/
Ramazan Course – رمضان کورس,Books Under 750PKR,https://gufhtugu.com/ramazan-course/
Rasool Akram(SAW) ki Azdawaji Zindagi,Books Under 750PKR,https://gufhtugu.com/rasool-akramsaw-ki-azdawaji-zindagi/
Rasool e Arbi,Books Under 750PKR,https://gufhtugu.com/product/rasool-e-arbi/
Rasool Kareem Ki Seerat O Sorat-رسولٔ کی صورت و سیرت,Books Under 750PKR,https://gufhtugu.com/rasool-kareem-ki-seerat-o-sorat-%D8%B1%D8%B3%D9%88%D9%84-%DA%A9%DB%8C-%D8%B5%D9%88%D8%B1%D8%AA-%D9%88-%D8%B3%DB%8C%D8%B1%D8%AA/
Rasool Ullah ki Naseehatain – رسول اللہ کی نصیحیتیں,Books Under 750PKR,https://gufhtugu.com/rasool-ullah-ki-naseehatain/
Red Dot,Books Under 750PKR,https://gufhtugu.com/red-dot/
Red Medosa,Books Under 750PKR,https://gufhtugu.com/red-medosa/
Rehmaton Walay Amaal,Books Under 750PKR,https://gufhtugu.com/rehmaton-walay-amaal/
Rehmaton Walay Amaal – Pocket Size,Books Under 750PKR,https://gufhtugu.com/rehmaton-walay-amaal-pocket-size/
Rehmdilana Zindagi Guzarny k 12 usool,Books Under 750PKR,https://gufhtugu.com/rehmdilana-zindagi-guzarny-k-12-usool/
Riwayaat Al Tayyab,Books Under 750PKR,https://gufhtugu.com/riwayaat-al-tayyab/
Robin Hood,Books Under 750PKR,https://gufhtugu.com/robin-hood/
Rock Field,Books Under 750PKR,https://gufhtugu.com/rock-field/
ROHANI AMLIYAT O WAZAIF,Books Under 750PKR,https://gufhtugu.com/rohani-amliyat-o-wazaif/
Rooh e Tasawuf,Books Under 750PKR,https://gufhtugu.com/rooh-e-tasawuf/
Rooh k Naghmay,Books Under 750PKR,https://gufhtugu.com/rooh-k-naghmay/
Roop behroop,Afsanay U,https://gufhtugu.com/roop-behroop/
Roshni ke Jangju,Books Under 750PKR,https://gufhtugu.com/roshni-ke-jangju/
Roza Aur Hamari Seht,Books Under 750PKR,https://gufhtugu.com/roza-aur-hamari-seht/
RUGS AND ROLLERS BOOK,Books Under 750PKR,https://gufhtugu.com/rugs-and-rollers-book/
Saain ki Dua,Books Under 750PKR,https://gufhtugu.com/saain-ki-dua/
Saal Bhar Ke Masnoon Aamal,Books Under 750PKR,https://gufhtugu.com/saal-bhar-ke-masnoon-aamal/
Safar America ki Diary,Biography U,https://gufhtugu.com/safar-america-ki-diary/
Safar hy Shart,Books Under 750PKR,https://gufhtugu.com/safar-hy-shart/
Safarnama America,Books Under 750PKR,https://gufhtugu.com/safarnama-america/
SAFARNAMA HIND,Books Under 750PKR,https://gufhtugu.com/safarnama-hind/
SAFARNAMA MAQBOOZA HINDUSTAN,Books Under 750PKR,https://gufhtugu.com/safarnama-maqbooza-hindustan/
Saga Mission,Books Under 750PKR,https://gufhtugu.com/saga-mission/
Saibaan,Books Under 750PKR,https://gufhtugu.com/saibaan/
Sajan Center,Books Under 750PKR,https://gufhtugu.com/sajan-center/
Sajdah Sahu k Masail – سجدۂ سہو کے مسائل,Books Under 750PKR,https://gufhtugu.com/sajdah-sahu-k-masail/
Salah A Unique Meeting,Books Under 750PKR,https://gufhtugu.com/salah-a-unique-meeting/
Salamti ka Rasta,Books Under 750PKR,https://gufhtugu.com/salamti-ka-rasta/
Salaska,Books Under 750PKR,https://gufhtugu.com/salaska/
Sandy Zoom,Books Under 750PKR,https://gufhtugu.com/sandy-zoom/
Sangeen Jurm,Books Under 750PKR,https://gufhtugu.com/sangeen-jurm/
Sarah Ka Khawab – سارہ کا خواب,Books Under 750PKR,https://gufhtugu.com/sarah-ka-khawab/
Saraj Agency,Books Under 750PKR,https://gufhtugu.com/saraj-agency/
Saraj Headquarter,Books Under 750PKR,https://gufhtugu.com/saraj-headquarter/
Sarak Wapis Jati Hai – سڑک واپس جاتی ہے,Books Under 750PKR,https://gufhtugu.com/sarak-wapis-jati-hai/
Sarak Wapis Jati Hai – سڑک واپس جاتی ہے,Books Under 750PKR,https://gufhtugu.com/sarak-wapis-jati-hai-2/
Sarto Mission,Books Under 750PKR,https://gufhtugu.com/sarto-mission/
Sawana,Books Under 750PKR,https://gufhtugu.com/sawana/
Sayyidina Omar Farooq(RA),Books Under 750PKR,https://gufhtugu.com/sayyidina-omar-farooqra/
Sayyidina Usman Ghani (RA),Books Under 750PKR,https://gufhtugu.com/sayyidina-usman-ghani-ra/
Schizophrenia,Books Under 750PKR,https://gufhtugu.com/schizophrenia/
Scholars of Pakistan,Books Under 750PKR,https://gufhtugu.com/scholars-of-pakistan/
Secret Center,Books Under 750PKR,https://gufhtugu.com/secret-center/
Secret Service Mission,Books Under 750PKR,https://gufhtugu.com/secret-service-mission/
Seerat e Khatamul Anbia-سیرت خاتم الانبیاء,Books Under 750PKR,https://gufhtugu.com/seerat-e-khatamul-anbia-%D8%B3%DB%8C%D8%B1%D8%AA-%D8%AE%D8%A7%D8%AA%D9%85-%D8%A7%D9%84%D8%A7%D9%86%D8%A8%DB%8C%D8%A7%D8%A1/
Seerat Hazrat Ayesha(RA),Books Under 750PKR,https://gufhtugu.com/seerat-hazrat-ayeshara/
Seerat Hazrat Syeda Fatima Zahra – سیرت فاطمۃ الزھرا,Books Under 750PKR,https://gufhtugu.com/seerat-hazrat-syeda-fatima/
Seerat ka Paigham,Books Under 750PKR,https://gufhtugu.com/seerat-ka-paigham/
Seerat Syedana Imama Hussainn(RA) –  ؓ سیرت سیدنا امام حسین,Books Under 750PKR,https://gufhtugu.com/seerat-syedana-imama-hussainnra/
Seerat Syedena Yousif(AS) – سیرت سیدنا یوسف علیہ السلام,Books Under 750PKR,https://gufhtugu.com/seerat-syedena-yousifas/
Seerat Umer Bin Abdul Aziz,Books Under 750PKR,https://gufhtugu.com/seerat-umer-bin-abdul-aziz/
Seerat ur Rasool-سیرت الرسولٔ,Books Under 750PKR,https://gufhtugu.com/seerat-ur-rasool-%D8%B3%DB%8C%D8%B1%D8%AA-%D8%A7%D9%84%D8%B1%D8%B3%D9%88%D9%84/
Sehar hone tak,Books Under 750PKR,https://gufhtugu.com/sehar-hone-tak/
Shab Gazeedah – شب گزیدہ,Books Under 750PKR,https://gufhtugu.com/shab-gazeedah/
Shah abdul latif bahtai,Books Under 750PKR,https://gufhtugu.com/shah-abdul-latif-bahtai/
Shahad se Ilaaj – شہد سے علاج,Books Under 750PKR,https://gufhtugu.com/shahad-se-ilaaj/
Shahadat e Haq,Books Under 750PKR,https://gufhtugu.com/shahadat-e-haq/
Shaheed e Karbala,Books Under 750PKR,https://gufhtugu.com/shaheed-e-karbala/
SHAHLA KOT,Ashfaq Ahmed,https://gufhtugu.com/shahla-kot/
Shair e Iqbal – شعر اقبال,Books Under 750PKR,https://gufhtugu.com/shair-e-iqbal/
Shaksiyat or Libaas,Books Under 750PKR,https://gufhtugu.com/shaksiyat-or-libaas/
Shaoor o Ehsas,Books Under 750PKR,https://gufhtugu.com/shaoor-o-ehsas/
Sharah Armagaan Hajaaz,Books Under 750PKR,https://gufhtugu.com/product/sharah-armagaan-hajaaz/
Sharah Zarb Kaleem,Books Under 750PKR,https://gufhtugu.com/product/sharah-zarb-kaleem/
Shauq E Watan,Books Under 750PKR,https://gufhtugu.com/shauq-e-watan/
Sheriyat,Books Under 750PKR,https://gufhtugu.com/sheriyat/
Shezaday ki Kahani,Books Under 750PKR,https://gufhtugu.com/shezaday-ki-kahani/
SHIKAR AUR ASAYB,Books Under 750PKR,https://gufhtugu.com/shikar-aur-asayb/
SHIKARIYAT KI NAQABLE FARMOSH DASTANAIN – PART 2,Books Under 750PKR,https://gufhtugu.com/shikariyat-ki-naqable-farmosh-dastanain-part-2/
Shodarman,Books Under 750PKR,https://gufhtugu.com/shodarman/
Shogran Mission,Books Under 750PKR,https://gufhtugu.com/shogran-mission/
Shourish dauran hum saath thay,Books Under 750PKR,https://gufhtugu.com/shourish-dauran-hum-saath-thay/
Side Track,Books Under 750PKR,https://gufhtugu.com/side-track/
Sihat Bakhsh Adaat,Books Under 750PKR,https://gufhtugu.com/sihat-bakhsh-adaat/
Simulation of Suicide Bombing: Using Computers to Save Lives,Books Under 750PKR,https://gufhtugu.com/simulation-of-suicide-bombing-using-computers-to-save-lives/
Sindbad Jahaazi: Bachchon ki Alif Laila,Books Under 750PKR,https://gufhtugu.com/sindbad-jahaazi-bachchon-ki-alif-laila/
Sins That Produce Nothing,Books Under 750PKR,https://gufhtugu.com/sins-that-produce-nothing/
Six Sinful Women,Books Under 750PKR,https://gufhtugu.com/six-sinful-women/
Snake Circle,Books Under 750PKR,https://gufhtugu.com/snake-circle/
Soch ki Taqat – سوچ کی طاقت,Books Under 750PKR,https://gufhtugu.com/soch-ki-taqat/
Sochnain ki Batein – سوچنے کی باتیں,Books Under 750PKR,https://gufhtugu.com/sochnain-ki-batein/
Sodmaga,Books Under 750PKR,https://gufhtugu.com/sodmaga/
Soft Mission,Books Under 750PKR,https://gufhtugu.com/soft-mission/
Sohni mahinwal,Books Under 750PKR,https://gufhtugu.com/sohni-mahinwal/
Solutions To Domestic Conflicts,Books Under 750PKR,https://gufhtugu.com/solutions-to-domestic-conflicts/
Spargun,Books Under 750PKR,https://gufhtugu.com/spargun/
Special Force,Books Under 750PKR,https://gufhtugu.com/special-force/
Special Mission,Books Under 750PKR,https://gufhtugu.com/special-mission-part-1/
Spikes Best Nest,Books Under 750PKR,https://gufhtugu.com/spikes-best-nest/
Spot Film,Books Under 750PKR,https://gufhtugu.com/spot-film/
Star Mission,Books Under 750PKR,https://gufhtugu.com/star-mission/
Starg,Books Under 750PKR,https://gufhtugu.com/starg/
Sticker Dolly Dressing Fairies,Books Under 750PKR,https://gufhtugu.com/sticker-dolly-dressing-fairies/
Such ya Jhoot? – سچ یا جھوٹ؟,Books Under 750PKR,https://gufhtugu.com/such-ya-jhoot/
Sufaid Qilla,Books Under 750PKR,https://gufhtugu.com/sufaid-qilla/
Sufi Ameer Khusrow – صوفی امیر خسرو,Biography U,https://gufhtugu.com/sufi-ameer-khusrow/
SUFISM – Mazharudddin Siddique,Books Under 750PKR,https://gufhtugu.com/sufism-mazharudddin-siddique/
Suhbat ka Asar,Books Under 750PKR,https://gufhtugu.com/suhbat-ka-asar/
Sukkur To Florida,Books Under 750PKR,https://gufhtugu.com/sukkur-to-florida/
Sunnat Se Aik Interview – سنت سے ایک انٹرویو,Books Under 750PKR,https://gufhtugu.com/sunnat-se-aik-interview/
Sunnats Of The Prophet Muhammad (S.W),Books Under 750PKR,https://gufhtugu.com/sunnats-of-the-prophet-muhammad-s-w/
Super Agents,Books Under 750PKR,https://gufhtugu.com/super-agents/
Super Mission,Books Under 750PKR,https://gufhtugu.com/super-mission/
Supermarkets – The Science of Impulse Shopping,Books Under 750PKR,https://gufhtugu.com/supermarkets-the-science-of-impulse-shopping/
Suqraat – سقراط,Autobiography U,https://gufhtugu.com/suqraat/
Suqrate key akhri ayyam ( Aflatoon),Biography U,https://gufhtugu.com/suqrate-key-akhri-ayyam-aflatoon/
Surgery – 1 taruf,Books Under 750PKR,https://gufhtugu.com/surgery-1-taruf/
Suspense Game,Books Under 750PKR,https://gufhtugu.com/suspense-game/
Swaneh Molana Room – سوانح مولانا روم,Autobiography U,https://gufhtugu.com/swaneh-molana-room/
Tableeghi Kashkol,Books Under 750PKR,https://gufhtugu.com/tableeghi-kashkol/
Taboot e Sakeena Ka Raaz – تابوت سکینہ کا راز,Afsanay U,https://gufhtugu.com/taboot-e-sakeena-ka-raaz/
Tafheem Ur Riyazi,Books Under 750PKR,https://gufhtugu.com/tafheem-ur-riyazi/
Tafseer Surat Al Kausar – تفسیر سورۃ الکوثر,Books Under 750PKR,https://gufhtugu.com/tafseer-surat-al-kausar/
Tahart k Jadeed Masail or in Ka hal,Books Under 750PKR,https://gufhtugu.com/tahart-k-jadeed-k-masail/
Tala ul Badaru Alaina – طلع البدر علینا,Books Under 750PKR,https://gufhtugu.com/tala-ul-badaru-alaina/
Talash – تلاش,Books Under 750PKR,https://gufhtugu.com/talash/
Taleem Ul Islam – تعلیم الاسلام,Books Under 750PKR,https://gufhtugu.com/taleem-ul-islam/
Taleemi Idaron me Tameer e Seerat,Books Under 750PKR,https://gufhtugu.com/taleemi-idaron-me-tameer-e-seerat/
Tameer Pakistan Ulama Rabbani,Books Under 750PKR,https://gufhtugu.com/tameer-pakistan-ulama-rabbani/
Tarak,Books Under 750PKR,https://gufhtugu.com/tarak/
Taraqqi Apki Muntazir hy,Books Under 750PKR,https://gufhtugu.com/taraqqi-apki-muntazir-hy/
Tarashy,Books Under 750PKR,https://gufhtugu.com/tarashy/
Tareekh e Gum Gashta – تاریخ گم گشتہ,Books Under 750PKR,https://gufhtugu.com/tareekh-e-gum-gashta/
Tareekh e Shahi,Books Under 750PKR,https://gufhtugu.com/tareekh-e-shahi/
Tareekh e Tassawuf – تاریخ تصوف,Books Under 750PKR,https://gufhtugu.com/product/tareekh-e-tassawuf/
Tareekhi Kahaniyan – Set,Books Under 750PKR,https://gufhtugu.com/tareekhi-kahaniyan-set/
Targheeb by Qasim Ali Shah,Books Under 750PKR,https://gufhtugu.com/product/targheeb-by-qasim-ali-shah/
Tarz Bayan Aor,Afsanay U,https://gufhtugu.com/tarz-bayan-aor/
Tarz e Bayan Aur,Books Under 750PKR,https://gufhtugu.com/tarz-e-bayan-aur/
Tarzan or Shergi Devi,Books Under 750PKR,https://gufhtugu.com/tarzan-or-shergi-devi/
Tauheed Ka Ujala – توحید کا اجالا,Books Under 750PKR,https://gufhtugu.com/tauheed-ka-ujala/
Tawan,Books Under 750PKR,https://gufhtugu.com/tawan/
Teen Sawaal,Books Under 750PKR,https://gufhtugu.com/teen-sawaal/
Teesra Kinara,Afsanay U,https://gufhtugu.com/product/teesra-kinara/
Tehreer ka Fun – تحریر کا فن,Books Under 750PKR,https://gufhtugu.com/tehreer-ka-fun/
Tehzebi Kashmakash me Ilm o Tehqeeq ka Kirdar,Books Under 750PKR,https://gufhtugu.com/tehzebi-kashmakash-me-ilm-o-tehqeeq-ka-kirdar/
Thanda Gosht – ٹھنڈا گوشت,Afsanay U,https://gufhtugu.com/thanda-gosht/
The Adventures of Sherlock Holmes,Books Under 750PKR,https://gufhtugu.com/the-adventures-of-sherlock-holmes/
The Adventures of Tom Sawyer,Books Under 750PKR,https://gufhtugu.com/the-adventures-of-tom-sawyer/
The Art of War,Books Under 750PKR,https://gufhtugu.com/the-art-of-war/
The Battle Fields of thRobert Winstone Prophet,Books Under 750PKR,https://gufhtugu.com/the-battle-fields-of-the-prophet/
THE BEAMING SOUL,Books Under 750PKR,https://gufhtugu.com/the-beaming-soul/
The Beautiful Collection Of Darud And Salaam,Books Under 750PKR,https://gufhtugu.com/the-beautiful-collection-of-darud-and-salaam/
The Blessed Deeds,Books Under 750PKR,https://gufhtugu.com/the-blessed-deeds/
The Book of Prayers,Books Under 750PKR,https://gufhtugu.com/the-book-of-prayers/
The Call of the Wild,Books Under 750PKR,https://gufhtugu.com/the-call-of-the-wild/
The cat story jesus at the wedding,Books Under 750PKR,https://gufhtugu.com/the-cat-story-jesus-at-the-wedding/
The Conjugal Concoctions,Books Under 750PKR,https://gufhtugu.com/product/the-conjugal-concoctions/
The Conquest of Happiness,Books Under 750PKR,https://gufhtugu.com/the-conquest-of-happiness/
The Differences Of The Imaams,Books Under 750PKR,https://gufhtugu.com/the-differences-of-the-imaams/
The Enchanted Castle,Books Under 750PKR,https://gufhtugu.com/the-enchanted-castle/
The Grandpa Book,Books Under 750PKR,https://gufhtugu.com/the-grandpa-book/
THE HUNDRED WHOM ALLAH AND HIS MESSENGER HAVE CURSED,Books Under 750PKR,https://gufhtugu.com/the-hundred-whom-allah-and-his-messenger-have-cursed/
The Island of Doctor Moreau,Books Under 750PKR,https://gufhtugu.com/the-island-of-doctor-moreau/
The Last Prophet,Books Under 750PKR,https://gufhtugu.com/the-last-prophet/
The Legend Of Lake Saif-ul-Malook (The Adventures of Maryam & Fatima),Books Under 750PKR,https://gufhtugu.com/the-legend-of-lake-saif-ul-malook-the-adventures-of-maryam-fatima/
The Memoirs of Sherlock Holmes,Books Under 750PKR,https://gufhtugu.com/the-memoirs-of-sherlock-holmes/
The Mirror of Islam,Books Under 750PKR,https://gufhtugu.com/the-mirror-of-islam/
The Philosophy of Rumi,Books Under 750PKR,https://gufhtugu.com/the-philosophy-of-rumi/
The picture of Dorian gray,Books Under 750PKR,https://gufhtugu.com/the-picture-of-dorian-gray/
The Pious Husband,Books Under 750PKR,https://gufhtugu.com/the-pious-husband/
The Pious Wife,Books Under 750PKR,https://gufhtugu.com/the-pious-wife/
The Prince,Books Under 750PKR,https://gufhtugu.com/the-prince/
The Prince and the Pauper,Books Under 750PKR,https://gufhtugu.com/the-prince-and-the-pauper/
The reconstruction of religious thought in Islam,Books Under 750PKR,https://gufhtugu.com/the-reconstruction-of-religious-thought-in-islam/
The Reluctant Fundamentalist,Articles,https://gufhtugu.com/the-reluctant-fundamentalist/
The Secret Formula,Books Under 750PKR,https://gufhtugu.com/the-secret-formula/
The Story Of My Life,Biography,https://gufhtugu.com/the-story-of-my-life/
The Trial,Books Under 750PKR,https://gufhtugu.com/the-trial/
The Wives of the Prophet,Books Under 750PKR,https://gufhtugu.com/the-wives-of-the-prophet/
Thoughts – A Journal,Books Under 750PKR,https://gufhtugu.com/thoughts-a-journal/
Tiger in Action,Books Under 750PKR,https://gufhtugu.com/tiger-in-action/
Tijarat Main Islam Ki Rahnumai,Books Under 750PKR,https://gufhtugu.com/tijarat-main-islam-ki-rahnumai/
Tinker bell and the Secrt of the Wings ( with no CD) (Copy),Books Under 750PKR,https://gufhtugu.com/tinker-bell-and-the-secrt-of-the-wings-with-no-cd-copy/
Tohfa e Zaujain –  تحفۂ زوجین,Books Under 750PKR,https://gufhtugu.com/tohfa-e-zaujain/
Tohfa Shadi – تحفہ شادی,Books Under 750PKR,https://gufhtugu.com/tohfa-shadi/
Top Headquarter,Books Under 750PKR,https://gufhtugu.com/top-headquarter/
Top Mission,Books Under 750PKR,https://gufhtugu.com/top-mission/
Top Secret Mission,Books Under 750PKR,https://gufhtugu.com/top-secret-mission/
Top Section,Books Under 750PKR,https://gufhtugu.com/top-section/
Top Shoot,Books Under 750PKR,https://gufhtugu.com/top-shoot/
Top Victory,Books Under 750PKR,https://gufhtugu.com/top-victory/
Total Zero,Books Under 750PKR,https://gufhtugu.com/total-zero/
Toy Story,Books Under 750PKR,https://gufhtugu.com/toy-story/
Train to Pakistan – ٹرین ٹو پاکستان,Books Under 750PKR,https://gufhtugu.com/train-to-pakistan/
Trampoline,Books Under 750PKR,https://gufhtugu.com/trampoline/
Treaty,Books Under 750PKR,https://gufhtugu.com/treaty/
Tum Mere Sath ho Hamrah Nahi,Books Under 750PKR,https://gufhtugu.com/tum-mere-sath-ho-hamrah-nahi/
TV aur Azaab e Qabar-ٹی وی اور عذاب قبر,Books Under 750PKR,https://gufhtugu.com/tv-aur-azaab-e-qabar/
Twenty lessons For Muslim Women,Books Under 750PKR,https://gufhtugu.com/twenty-lessons-for-muslim-women/
Twin Sisters,Books Under 750PKR,https://gufhtugu.com/twin-sisters/
Ujalon k safeer,Books Under 750PKR,https://gufhtugu.com/ujalon-k-safeer/
Ujalon ka Safar – اجالوں کا سفر,Books Under 750PKR,https://gufhtugu.com/ghazali/
Uloom e jadeed ki Islami Tashkeel,Books Under 750PKR,https://gufhtugu.com/uloom-e-jadeed-ki-islami-tashkeel/
Ulta Darakht-الٹا درخت,Books Under 750PKR,https://gufhtugu.com/ulta-darakht/
Umahaat ul Momineen Binat Arba,Books Under 750PKR,https://gufhtugu.com/umahaat-ul-momineen-binat-arba/
Umro or Khazana Talism,Books Under 750PKR,https://gufhtugu.com/umro-or-khazana-talism/
Umro or Shehnsha afrasaib qaid me,Books Under 750PKR,https://gufhtugu.com/umro-or-shehnsha-afrasaib-qaid-me/
Umro Sheikh chilli or Chashm aho,Books Under 750PKR,https://gufhtugu.com/umro-sheikh-chilli-or-chashm-aho/
Unchas Din – انچاس دن,Books Under 750PKR,https://gufhtugu.com/unchas-din/
Urdu Ishtehariyat ki Tarikh – اردو اشتہاریات کی تاریخ,Books Under 750PKR,https://gufhtugu.com/history-of-urdu-advertisement/
Urdu Kahawatain,Books Under 750PKR,https://gufhtugu.com/product/urdu-kehawtain/
Usool e hisab dari o Muhasbi – 1,Books Under 750PKR,https://gufhtugu.com/usool-e-hisab-dari-o-muhasbi-1/
Usool e hisab dari o Muhasbi – 2,Books Under 750PKR,https://gufhtugu.com/usool-e-hisab-dari-o-muhasbi-2/
Ustaz ul Ulama Maulana Mufti Muhammad Lutf Ullah Ali Garhi,Books Under 750PKR,https://gufhtugu.com/ustaz-ul-ulama-maulana-mufti-muhammad-lutf-ullah-ali-garhi/
Velago,Books Under 750PKR,https://gufhtugu.com/velago/
Violent Crime,Books Under 750PKR,https://gufhtugu.com/violent-crime/
Virtues Of Holy Quran,Books Under 750PKR,https://gufhtugu.com/virtues-of-holy-quran/
Virtues Of Salaah,Books Under 750PKR,https://gufhtugu.com/virtues-of-salaah/
Walidah Majidah Syedana Muhammad Mustafa(saw) –  والدہ ماجدہ سیدنا محمّد مصطفیٰﷺ,Books Under 750PKR,https://gufhtugu.com/walidah-majidah-syedana-muhammad-mustafasaw/
Walt Disneys Sleeping Beauty,Books Under 750PKR,https://gufhtugu.com/walt-disneys-sleeping-beauty/
Waqfa e Pareshani,Books Under 750PKR,https://gufhtugu.com/waqfa-e-pareshani/
Waqt ki Qeemat,Books Under 750PKR,https://gufhtugu.com/waqt-ki-qeemat/
Wasiyat Namay,Books Under 750PKR,https://gufhtugu.com/wasiyat-namay/
Watayo fakir,Afsanay U,https://gufhtugu.com/watayo-fakir/
Water,Books Under 750PKR,https://gufhtugu.com/water/
Water Light,Books Under 750PKR,https://gufhtugu.com/water-light/
Well done,Books Under 750PKR,https://gufhtugu.com/well-done/
What Does JIHAD mean?,Books Under 750PKR,https://gufhtugu.com/what-does-jihad-mean/
What Islam Is?,Books Under 750PKR,https://gufhtugu.com/what-islam-is/
White Fang,Books Under 750PKR,https://gufhtugu.com/white-fang/
White Shadow,Books Under 750PKR,https://gufhtugu.com/white-shadow/
Winning Party,Books Under 750PKR,https://gufhtugu.com/winning-party-2/
Wo Larka Gaya Kahan,Books Under 750PKR,https://gufhtugu.com/wo-larka-gaya-kahan/
Woman Between Islam And Western Socity,Books Under 750PKR,https://gufhtugu.com/woman-between-islam-and-western-socity/
Word 2007/2010 – Urdu,Books Under 750PKR,https://gufhtugu.com/word-2007-2010-urdu/
Wurood e Masood,Afsanay U,https://gufhtugu.com/drood-e-masood/
Wuthering Heights,Books Under 750PKR,https://gufhtugu.com/wuthering-heights/
YAADAIN KHAKAY AUR AN-KAHI KEHANIYAN,Books Under 750PKR,https://gufhtugu.com/yaadain-khakay-aur-an-kahi-kehaniyan/
Yadgar Shakhsiyat,Biography U,https://gufhtugu.com/yadgar-shakhsiyat/
YADON KI DASTAK,Books Under 750PKR,https://gufhtugu.com/yadon-ki-dastak/
Yaran e Najd,Books Under 750PKR,https://gufhtugu.com/yaran-e-najd/
Ye Ajeeb Duniya – یہ عجیب دنیا,Books Under 750PKR,https://gufhtugu.com/ye-ajeeb-duniya/
Ye meri Sunnat hy – یہ میری سنت ہے,Books Under 750PKR,https://gufhtugu.com/ye-meri-sunnat-hy/
Ye Parri Chehra Log aor Dilip Kumar kay Romaan,Afsanay U,https://gufhtugu.com/ye-parri-chehra-log-aor-dilip-kumar-kay-romaan/
Yunani Asateer k Dilchasp Waqiat,Books Under 750PKR,https://gufhtugu.com/yunani-asateer-k-dilchasp-waqiat/
Zabaan Ki Aaften,Books Under 750PKR,https://gufhtugu.com/zabaan-ki-aaften/
Zard Patton Ki Bahar – زرد پتوں کی بہار,Autobiography U,https://gufhtugu.com/zard-patton-ki-bahar/
Zawahir al asrair,Biography U,https://gufhtugu.com/zawahir-al-asrair/
Zero Blast,Books Under 750PKR,https://gufhtugu.com/zero-blast/
Zero Mission,Books Under 750PKR,https://gufhtugu.com/zero-mission/
Zero Over Zero,Books Under 750PKR,https://gufhtugu.com/zero-over-zero/
Zia Betis Control Kijye,Books Under 750PKR,https://gufhtugu.com/zia-betis-control-kijye/
Zikar e Mateen bama Tazkara Mubeen,Books Under 750PKR,https://gufhtugu.com/zikar-e-mateen-bama-tazkara-mubeen/
Zikr e Iqbal,Biography U,https://gufhtugu.com/product/zikr-e-iqbal/
Zindaan e Alam – زندانِ الم,Books Under 750PKR,https://gufhtugu.com/product/zindaan-e-alam/
Zindagi k anmol sabaq,Books Under 750PKR,https://gufhtugu.com/zindagi-k-anmol-sabaq/
ZINDAGI MEHDOOD NAHI,Books Under 750PKR,https://gufhtugu.com/zindagi-mehdood-nahi/
امیر باپ غریب باپ,Books Under 750PKR,https://gufhtugu.com/ameer-baap-ghareeb-baap/
انسان کی منزل – Insan Ki Manzal,Books Under 750PKR,https://gufhtugu.com/%D8%A7%D9%86%D8%B3%D8%A7%D9%86-%DA%A9%DB%8C-%D9%85%D9%86%D8%B2%D9%84/
اوورکوٹ سے آنندی تک,Afsanay U,https://gufhtugu.com/%D8%A7%D9%88%D9%88%D8%B1%DA%A9%D9%88%D9%B9-%D8%B3%DB%92-%D8%A2%D9%86%D9%86%D8%AF%DB%8C-%D8%AA%DA%A9/
ایک چادر میلی سی,Afsanay U,https://gufhtugu.com/%D8%A7%DB%8C%DA%A9-%DA%86%D8%A7%D8%AF%D8%B1-%D9%85%DB%8C%D9%84%DB%8C-%D8%B3%DB%8C/
باغ و بہار,Afsanay U,https://gufhtugu.com/%D8%A8%D8%A7%D8%BA-%D9%88-%D8%A8%DB%81%D8%A7%D8%B1/
برجوں پر مکمل کتاب,Books Under 750PKR,https://gufhtugu.com/%D8%A8%D8%B1%D8%AC%D9%88%DA%BA-%D9%BE%D8%B1-%D9%85%DA%A9%D9%85%D9%84-%DA%A9%D8%AA%D8%A7%D8%A8/
برگ نے,Books Under 750PKR,https://gufhtugu.com/%D8%A8%D8%B1%DA%AF-%D9%86%DB%92/
بھوت,Afsanay U,https://gufhtugu.com/%D8%A8%DA%BE%D9%88%D8%AA/
پارلیمنٹ میں قادیانی شکست,Books Under 750PKR,https://gufhtugu.com/parliament-me-qadiyani/
پہاڑی کا قیدی,Books Under 750PKR,https://gufhtugu.com/%D9%BE%DB%81%D8%A7%DA%91%DB%8C-%DA%A9%D8%A7-%D9%82%DB%8C%D8%AF%DB%8C/
پہلی بارش,Books Under 750PKR,https://gufhtugu.com/%D9%BE%DB%81%D9%84%DB%8C-%D8%A8%D8%A7%D8%B1%D8%B4/
جھوٹے نبیوں کا انجام,Books Under 750PKR,https://gufhtugu.com/%D8%AC%DA%BE%D9%88%D9%B9%DB%92-%D9%86%D8%A8%DB%8C%D9%88%DA%BA-%DA%A9%D8%A7-%D8%A7%D9%86%D8%AC%D8%A7%D9%85/
حیات حضرت ابراہیم,Books Under 750PKR,https://gufhtugu.com/%D8%AD%DB%8C%D8%A7%D8%AA-%D8%AD%D8%B6%D8%B1%D8%AA-%D8%A7%D8%A8%D8%B1%D8%A7%DB%81%DB%8C%D9%85/
حیات حضرت خضر,Books Under 750PKR,https://gufhtugu.com/%D8%AD%DB%8C%D8%A7%D8%AA-%D8%AE%D8%B6%D8%B1-%D8%B9%D9%84%DB%8C%DB%81-%D8%A7%D9%84%D8%B3%D9%84%D8%A7%D9%85/
حیات سیدنا عیسی,Books Under 750PKR,https://gufhtugu.com/%D8%AD%DB%8C%D8%A7%D8%AA-%D8%B3%DB%8C%D8%AF%D9%86%D8%A7-%D8%B9%DB%8C%D8%B3%DB%8C/
خوف,Books Under 750PKR,https://gufhtugu.com/%D8%AE%D9%88%D9%81/
رستم و سہراب,Books Under 750PKR,https://gufhtugu.com/%D8%B1%D8%B3%D8%AA%D9%85-%D9%88-%D8%B3%DB%81%D8%B1%D8%A7%D8%A8/
زندگی بدلنے والی 7 عادات,Books Under 750PKR,https://gufhtugu.com/%D8%B2%D9%86%D8%AF%DA%AF%DB%8C-%D8%A8%D8%AF%D9%84%D9%86%DB%92-%D9%88%D8%A7%D9%84%DB%8C-7-%D8%B9%D8%A7%D8%AF%D8%A7%D8%AA/
ستاروں سے آگے,Afsanay U,https://gufhtugu.com/%D8%B3%D8%AA%D8%A7%D8%B1%D9%88%DA%BA-%D8%B3%DB%92-%D8%A2%DA%AF%DB%92/
سر کی چھا یہ,Books Under 750PKR,https://gufhtugu.com/%D8%B3%D8%B1-%DA%A9%DB%8C-%DA%86%DA%BE%D8%A7-%DB%8C%DB%81/
سکینۃاولیاء,Books Under 750PKR,https://gufhtugu.com/sakenat-ul-aulia/
سند باد جہازی کی کہانیاں,Books Under 750PKR,https://gufhtugu.com/%D8%B3%D9%86%D8%AF%D8%A8%D8%A7%D8%AF-%D8%AC%DB%81%D8%A7%D8%B2%DB%8C-%DA%A9%DB%8C-%DA%A9%DB%81%D8%A7%D9%86%DB%8C%D8%A7%DA%BA/
شرح ارمغان حجاز,Books Under 750PKR,https://gufhtugu.com/%D8%B4%D8%B1%D8%AD-%D8%A7%D8%B1%D9%85%D8%BA%D8%A7%D9%86-%D8%AD%D8%AC%D8%A7%D8%B2-2/
شرح شکوہ جواب شکوہ,Books Under 750PKR,https://gufhtugu.com/%D8%B4%D8%B1%D8%AD-%D8%B4%DA%A9%D9%88%DB%81-%D8%AC%D9%88%D8%A7%D8%A8-%D8%B4%DA%A9%D9%88%DB%81/
شرح ضرب کلیم,Books Under 750PKR,https://gufhtugu.com/%D8%B4%D8%B1%D8%AD-%D8%B6%D8%B1%D8%A8-%DA%A9%D9%84%DB%8C%D9%85-2/
شمس و رومی,Books Under 750PKR,https://gufhtugu.com/%D8%B4%D9%85%D8%B3-%D9%88-%D8%B1%D9%88%D9%85%DB%8C/
شوکت تھانوی کے شاہکار خاکے,Books Under 750PKR,https://gufhtugu.com/%D8%B4%D9%88%DA%A9%D8%AA-%D8%AA%DA%BE%D8%A7%D9%86%D9%88%DB%8C-%DA%A9%DB%92-%D8%B4%D8%A7%DB%81%DA%A9%D8%A7%D8%B1-%D8%AE%D8%A7%DA%A9%DB%92/
علامہ ڈاکٹر محمد اقبال  حیات وخدمات,Books Under 750PKR,https://gufhtugu.com/%D8%B9%D9%84%D8%A7%D9%85%DB%81-%DA%88%D8%A7%DA%A9%D9%B9%D8%B1-%D9%85%D8%AD%D9%85%D8%AF-%D8%A7%D9%82%D8%A8%D8%A7%D9%84-%D8%AD%DB%8C%D8%A7%D8%AA-%D9%88%D8%AE%D8%AF%D9%85%D8%A7%D8%AA/
غالب کی آپ بیتی,Biography U,https://gufhtugu.com/%D8%BA%D8%A7%D9%84%D8%A8-%DA%A9%DB%8C-%D8%A2%D9%BE-%D8%A8%DB%8C%D8%AA%DB%8C/
کالا پانی- Kala Pani,Books Under 750PKR,https://gufhtugu.com/%DA%A9%D8%A7%D9%84%D8%A7-%D9%BE%D8%A7%D9%86%DB%8C/
کلیات  سا حر,Books Under 750PKR,https://gufhtugu.com/%DA%A9%D9%84%DB%8C%D8%A7%D8%AA-%D8%B3%D8%A7-%D8%AD%D8%B1/
لبیک,Books Under 750PKR,https://gufhtugu.com/%D9%84%D8%A8%DB%8C%DA%A9/
لکھنؤ سے لاہور,Books Under 750PKR,https://gufhtugu.com/%D9%84%DA%A9%DA%BE%D9%86%D8%A4-%D8%B3%DB%92-%D9%84%D8%A7%DB%81%D9%88%D8%B1/
مثبت سوچ کی ثمرات,Books Under 750PKR,https://gufhtugu.com/%D9%85%D8%AB%D8%A8%D8%AA-%D8%B3%D9%88%DA%86-%DA%A9%DB%8C-%D8%AB%D9%85%D8%B1%D8%A7%D8%AA/
مسدس حالی,Books Under 750PKR,https://gufhtugu.com/%D9%85%D8%B3%D8%AF%D8%B3-%D8%AD%D8%A7%D9%84%DB%8C/
نوجوانوں کے جنسی و نفسیاتی مسائل,Books Under 750PKR,https://gufhtugu.com/%D9%86%D9%88%D8%AC%D9%88%D8%A7%D9%86%D9%88%DA%BA-%DA%A9%DB%92-%D8%AC%D9%86%D8%B3%DB%8C-%D9%88-%D9%86%D9%81%D8%B3%DB%8C%D8%A7%D8%AA%DB%8C-%D9%85%D8%B3%D8%A7%D8%A6%D9%84/
نیکی زندہ رہتی ہیں,Afsanay U,https://gufhtugu.com/%D9%86%DB%8C%DA%A9%DB%8C-%D8%B2%D9%86%D8%AF%DB%81-%D8%B1%DB%81%D8%AA%DB%8C-%DB%81%DB%8C%DA%BA/
